-- phpMyAdmin SQL Dump
-- version 3.5.2.2
-- http://www.phpmyadmin.net
--
-- Host: 127.0.0.1
-- Generation Time: Aug 23, 2013 at 04:09 PM
-- Server version: 5.5.27
-- PHP Version: 5.4.7

SET SQL_MODE="NO_AUTO_VALUE_ON_ZERO";
SET time_zone = "+00:00";


/*!40101 SET @OLD_CHARACTER_SET_CLIENT=@@CHARACTER_SET_CLIENT */;
/*!40101 SET @OLD_CHARACTER_SET_RESULTS=@@CHARACTER_SET_RESULTS */;
/*!40101 SET @OLD_COLLATION_CONNECTION=@@COLLATION_CONNECTION */;
/*!40101 SET NAMES utf8 */;

--
-- Database: `fb_reflect`
--

-- --------------------------------------------------------

--
-- Table structure for table `category`
--

CREATE TABLE IF NOT EXISTS `category` (
  `id` bigint(20) NOT NULL,
  `name` varchar(255) NOT NULL,
  `description` varchar(255) NOT NULL,
  PRIMARY KEY (`id`)
) ENGINE=InnoDB DEFAULT CHARSET=utf8;

--
-- Dumping data for table `category`
--

INSERT INTO `category` (`id`, `name`, `description`) VALUES
(1, 'check-in', 'check-in'),
(2, 'link', 'posting a link'),
(3, 'status', 'post or update status'),
(4, 'photo', 'photo'),
(5, 'video', 'upload a video'),
(6, 'comment', 'comment'),
(7, 'others', 'group created/event created/post on wall/note created/app story/post in group'),
(8, 'all', 'sum of all categories');

-- --------------------------------------------------------

--
-- Table structure for table `friend`
--

CREATE TABLE IF NOT EXISTS `friend` (
  `id` bigint(20) NOT NULL AUTO_INCREMENT,
  `fbid` varchar(30) NOT NULL,
  `user` bigint(20) NOT NULL,
  `name` varchar(127) DEFAULT NULL,
  PRIMARY KEY (`id`),
  KEY `user` (`user`),
  KEY `name` (`name`)
) ENGINE=InnoDB  DEFAULT CHARSET=utf8 AUTO_INCREMENT=579 ;

--
-- Dumping data for table `friend`
--

INSERT INTO `friend` (`id`, `fbid`, `user`, `name`) VALUES
(1, '810053', 2, 'Mathew Djavaherian'),
(2, '1924477', 2, 'Zahra Golshani'),
(3, '1925229', 2, 'Mohsen Dadfarnia'),
(4, '1928514', 2, 'Mohammad Sahrapour'),
(5, '1937781', 2, 'Ali Khosro'),
(6, '1954834', 2, 'Amir Houmansadr'),
(7, '1955278', 2, 'Mona Az'),
(8, '1955567', 2, 'Ali Hajbabaie'),
(9, '1956494', 2, 'Mao-Chuang Yeh'),
(10, '3223232', 2, 'Zohreh Zoe G'),
(11, '13613138', 2, 'Dorna Kashef'),
(12, '21003825', 2, 'Mani Golparvar'),
(13, '21003982', 2, 'Mohammad Ali Safari'),
(14, '116204782', 2, 'Iman Hajirasouliha'),
(15, '200301409', 2, 'Jarod Spohrer'),
(16, '223411645', 2, 'Sina Badiei'),
(17, '501892626', 2, 'Saman Barghi'),
(18, '502272751', 2, 'Hamid Najafvand'),
(19, '502833273', 2, 'Hossein Akhlaghpour'),
(20, '504546360', 2, 'Mohsen Jafari'),
(21, '506431122', 2, 'Babak Shotorban'),
(22, '509513750', 2, 'Houshmand Shirani Mehr'),
(23, '510322850', 2, 'Ardal Man'),
(24, '511180036', 2, 'Hooman Taherinia'),
(25, '515311926', 2, 'Houman Kamran'),
(26, '810053', 3, 'Mathew Djavaherian'),
(27, '1924477', 3, 'Zahra Golshani'),
(28, '1925229', 3, 'Mohsen Dadfarnia'),
(29, '1928514', 3, 'Mohammad Sahrapour'),
(30, '1937781', 3, 'Ali Khosro'),
(31, '1954834', 3, 'Amir Houmansadr'),
(32, '1955278', 3, 'Mona Az'),
(33, '1955567', 3, 'Ali Hajbabaie'),
(34, '1956494', 3, 'Mao-Chuang Yeh'),
(35, '3223232', 3, 'Zohreh Zoe G'),
(36, '13613138', 3, 'Dorna Kashef'),
(37, '21003825', 3, 'Mani Golparvar'),
(38, '21003982', 3, 'Mohammad Ali Safari'),
(39, '116204782', 3, 'Iman Hajirasouliha'),
(40, '200301409', 3, 'Jarod Spohrer'),
(41, '223411645', 3, 'Sina Badiei'),
(42, '501892626', 3, 'Saman Barghi'),
(43, '502272751', 3, 'Hamid Najafvand'),
(44, '502833273', 3, 'Hossein Akhlaghpour'),
(45, '504546360', 3, 'Mohsen Jafari'),
(46, '506431122', 3, 'Babak Shotorban'),
(47, '509513750', 3, 'Houshmand Shirani Mehr'),
(48, '510322850', 3, 'Ardal Man'),
(49, '511180036', 3, 'Hooman Taherinia'),
(50, '515311926', 3, 'Houman Kamran'),
(51, '810053', 4, 'Mathew Djavaherian'),
(52, '1924477', 4, 'Zahra Golshani'),
(53, '1925229', 4, 'Mohsen Dadfarnia'),
(54, '1928514', 4, 'Mohammad Sahrapour'),
(55, '1937781', 4, 'Ali Khosro'),
(56, '1954834', 4, 'Amir Houmansadr'),
(57, '1955278', 4, 'Mona Az'),
(58, '1955567', 4, 'Ali Hajbabaie'),
(59, '1956494', 4, 'Mao-Chuang Yeh'),
(60, '3223232', 4, 'Zohreh Zoe G'),
(61, '13613138', 4, 'Dorna Kashef'),
(62, '21003825', 4, 'Mani Golparvar'),
(63, '21003982', 4, 'Mohammad Ali Safari'),
(64, '116204782', 4, 'Iman Hajirasouliha'),
(65, '200301409', 4, 'Jarod Spohrer'),
(66, '223411645', 4, 'Sina Badiei'),
(67, '501892626', 4, 'Saman Barghi'),
(68, '502272751', 4, 'Hamid Najafvand'),
(69, '502833273', 4, 'Hossein Akhlaghpour'),
(70, '504546360', 4, 'Mohsen Jafari'),
(71, '506431122', 4, 'Babak Shotorban'),
(72, '509513750', 4, 'Houshmand Shirani Mehr'),
(73, '510322850', 4, 'Ardal Man'),
(74, '511180036', 4, 'Hooman Taherinia'),
(75, '515311926', 4, 'Houman Kamran'),
(76, '810053', 5, 'Mathew Djavaherian'),
(77, '1924477', 5, 'Zahra Golshani'),
(78, '1925229', 5, 'Mohsen Dadfarnia'),
(79, '1928514', 5, 'Mohammad Sahrapour'),
(80, '1937781', 5, 'Ali Khosro'),
(81, '1954834', 5, 'Amir Houmansadr'),
(82, '1955278', 5, 'Mona Az'),
(83, '1955567', 5, 'Ali Hajbabaie'),
(84, '1956494', 5, 'Mao-Chuang Yeh'),
(85, '3223232', 5, 'Zohreh Zoe G'),
(86, '810053', 6, 'Mathew Djavaherian'),
(87, '1924477', 6, 'Zahra Golshani'),
(88, '1925229', 6, 'Mohsen Dadfarnia'),
(89, '1928514', 6, 'Mohammad Sahrapour'),
(90, '1937781', 6, 'Ali Khosro'),
(91, '1954834', 6, 'Amir Houmansadr'),
(92, '1955278', 6, 'Mona Az'),
(93, '1955567', 6, 'Ali Hajbabaie'),
(94, '1956494', 6, 'Mao-Chuang Yeh'),
(95, '3223232', 6, 'Zohreh Zoe G'),
(96, '810053', 7, 'Mathew Djavaherian'),
(97, '1924477', 7, 'Zahra Golshani'),
(98, '1925229', 7, 'Mohsen Dadfarnia'),
(99, '1928514', 7, 'Mohammad Sahrapour'),
(100, '1937781', 7, 'Ali Khosro'),
(101, '1954834', 7, 'Amir Houmansadr'),
(102, '1955278', 7, 'Mona Az'),
(103, '1955567', 7, 'Ali Hajbabaie'),
(104, '1956494', 7, 'Mao-Chuang Yeh'),
(105, '3223232', 7, 'Zohreh Zoe G'),
(106, '810053', 8, 'Mathew Djavaherian'),
(107, '1924477', 8, 'Zahra Golshani'),
(108, '1925229', 8, 'Mohsen Dadfarnia'),
(109, '1928514', 8, 'Mohammad Sahrapour'),
(110, '1937781', 8, 'Ali Khosro'),
(111, '1954834', 8, 'Amir Houmansadr'),
(112, '1955278', 8, 'Mona Az'),
(113, '1955567', 8, 'Ali Hajbabaie'),
(114, '1956494', 8, 'Mao-Chuang Yeh'),
(115, '3223232', 8, 'Zohreh Zoe G'),
(116, '810053', 9, 'Mathew Djavaherian'),
(117, '1924477', 9, 'Zahra Golshani'),
(118, '1925229', 9, 'Mohsen Dadfarnia'),
(119, '1928514', 9, 'Mohammad Sahrapour'),
(120, '1937781', 9, 'Ali Khosro'),
(121, '1954834', 9, 'Amir Houmansadr'),
(122, '1955278', 9, 'Mona Az'),
(123, '1955567', 9, 'Ali Hajbabaie'),
(124, '1956494', 9, 'Mao-Chuang Yeh'),
(125, '3223232', 9, 'Zohreh Zoe G'),
(126, '810053', 10, 'Mathew Djavaherian'),
(127, '1924477', 10, 'Zahra Golshani'),
(128, '1925229', 10, 'Mohsen Dadfarnia'),
(129, '1928514', 10, 'Mohammad Sahrapour'),
(130, '1937781', 10, 'Ali Khosro'),
(131, '1954834', 10, 'Amir Houmansadr'),
(132, '1955278', 10, 'Mona Az'),
(133, '1955567', 10, 'Ali Hajbabaie'),
(134, '1956494', 10, 'Mao-Chuang Yeh'),
(135, '3223232', 10, 'Zohreh Zoe G'),
(136, '810053', 11, 'Mathew Djavaherian'),
(137, '1924477', 11, 'Zahra Golshani'),
(138, '1925229', 11, 'Mohsen Dadfarnia'),
(139, '1928514', 11, 'Mohammad Sahrapour'),
(140, '1937781', 11, 'Ali Khosro'),
(141, '1954834', 11, 'Amir Houmansadr'),
(142, '1955278', 11, 'Mona Az'),
(143, '1955567', 11, 'Ali Hajbabaie'),
(144, '1956494', 11, 'Mao-Chuang Yeh'),
(145, '3223232', 11, 'Zohreh Zoe G'),
(146, '13613138', 11, 'Dorna Kashef'),
(147, '21003825', 11, 'Mani Golparvar'),
(148, '21003982', 11, 'Mohammad Ali Safari'),
(149, '116204782', 11, 'Iman Hajirasouliha'),
(150, '200301409', 11, 'Jarod Spohrer'),
(151, '223411645', 11, 'Sina Badiei'),
(152, '501892626', 11, 'Saman Barghi'),
(153, '502272751', 11, 'Hamid Najafvand'),
(154, '502833273', 11, 'Hossein Akhlaghpour'),
(155, '504546360', 11, 'Mohsen Jafari'),
(156, '506431122', 11, 'Babak Shotorban'),
(157, '509513750', 11, 'Houshmand Shirani Mehr'),
(158, '510322850', 11, 'Ardal Man'),
(159, '511180036', 11, 'Hooman Taherinia'),
(160, '515311926', 11, 'Houman Kamran'),
(161, '516334414', 11, 'Hadi Mahdian'),
(162, '520679543', 11, 'Seyed Saleh Yousefi'),
(163, '521329425', 11, 'Farnaz Ronaghi'),
(164, '522024741', 11, 'Azin Ashgar'),
(165, '522083800', 11, 'Pooya Esfandiar'),
(166, '522124789', 11, 'Ali Esi'),
(167, '522143610', 11, 'Gholamreza Esfandani'),
(168, '522267167', 11, 'Mahdie Dehghan'),
(169, '522283917', 11, 'Aideen NSh'),
(170, '522288756', 11, 'Morteza Najafvand'),
(171, '522328405', 11, 'Ramin Halavati'),
(172, '522389078', 11, 'Ali Rahmani'),
(173, '522494269', 11, 'Afra Abnar'),
(174, '522563219', 11, 'Amin Fazli'),
(175, '522610786', 11, 'Seyed Hossein Mortazavi'),
(176, '527306471', 11, 'Mohammad Hossein Bateni'),
(177, '528331030', 11, 'Kamran Bavar'),
(178, '529205272', 11, 'Arash Nouri'),
(179, '529720426', 11, 'Reza Heidari'),
(180, '529895087', 11, 'Farzad Alamdar'),
(181, '530130226', 11, 'Zahra Hatami'),
(182, '530215482', 11, 'Fa Re Sol'),
(183, '530275191', 11, 'Amin Mohamadi'),
(184, '530405321', 11, 'Amin Valiei'),
(185, '530505234', 11, 'Ramtin Sheikhhassani'),
(186, '533667051', 11, 'Jamshid Rezaie'),
(187, '536144084', 11, 'Daniel Khashabi'),
(188, '538936682', 11, 'Seyyed Roohallah Moosavi'),
(189, '539324719', 11, 'Bardia Mazaheri'),
(190, '539611385', 11, 'Elham Nazari'),
(191, '539704190', 11, 'Sepideh Mahabadi'),
(192, '540026804', 11, 'Saeed Sarreshtedari'),
(193, '540174323', 11, 'Zia Jalali'),
(194, '540269644', 11, 'Mehdi Hashemi'),
(195, '540376533', 11, 'Hadi Fariborzi'),
(196, '540380215', 11, 'Neda Rohani'),
(197, '540465881', 11, 'Ehsan Sh'),
(198, '540492454', 11, 'Alireza Forouzan'),
(199, '540522442', 11, 'Parastoo Qara'),
(200, '540710527', 11, 'Alborz Rezazadeh'),
(201, '540716416', 11, 'Morteza Rezanejad'),
(202, '541100352', 11, 'Milad Khatib Shahidi'),
(203, '541386603', 11, 'Amin Jalali'),
(204, '541492033', 11, 'Mehdi Bizhani'),
(205, '542988476', 11, 'Kellie Warren Penn'),
(206, '543543928', 11, 'Elaheh Taghvaei'),
(207, '544487932', 11, 'Maryam Hamidirad'),
(208, '545556701', 11, 'Maryam Khezrzadeh'),
(209, '545715681', 11, 'Farzad Anooshahpour'),
(210, '546112621', 11, 'Mohsen Zadmehr'),
(211, '546183187', 11, 'Sumita Brhd'),
(212, '546193047', 11, 'Masoud Moshref Javadi'),
(213, '546313111', 11, 'Mohammad Hossein Eftekhari'),
(214, '546383935', 11, 'Narsis Agbgi'),
(215, '546637800', 11, 'Mohammad K Manesh'),
(216, '548241993', 11, 'Leila Fuladi'),
(217, '548565005', 11, 'Ali Houjeij'),
(218, '551788476', 11, 'Iman Isazadeh'),
(219, '552362757', 11, 'Nooh Mnv'),
(220, '556094860', 11, 'Da Nsh'),
(221, '557084189', 11, 'Hadi Tiger'),
(222, '559443668', 11, 'Alireza Tofangchi'),
(223, '563152851', 11, 'I''mMan Malool'),
(224, '565652942', 11, 'Amir Nazemi'),
(225, '565746239', 11, 'Farhad Zeighami'),
(226, '566038119', 11, 'Farhad Haghighizadeh'),
(227, '567222200', 11, 'Amin Shiva'),
(228, '568009284', 11, 'Ardalan Khosrowpour'),
(229, '569292553', 11, 'Atieh Sarraf'),
(230, '570762772', 11, 'Maseeh Moradi'),
(231, '571281257', 11, 'Maryam Eidini'),
(232, '573171380', 11, 'Karen Khatami'),
(233, '573755850', 11, 'Hamed Sadeghi Neshat'),
(234, '576111763', 11, 'Anahita Moaddab'),
(235, '576896417', 11, 'Shaahin Hessabi'),
(236, '1924477', 12, 'Zahra Golshani'),
(237, '1929103', 12, 'Wookyung Lee'),
(238, '3223232', 12, 'Zohreh Zoe G'),
(239, '21003982', 12, 'Mohammad Ali Safari'),
(240, '510997224', 12, 'Saba Aflaki'),
(241, '517137748', 12, 'Ajoy Savio Fernandes'),
(242, '521329425', 12, 'Farnaz Ronaghi'),
(243, '521589775', 12, 'Tayyebe Asgari'),
(244, '522024741', 12, 'Azin Ashgar'),
(245, '522143610', 12, 'Gholamreza Esfandani'),
(246, '522267167', 12, 'Mahdie Dehghan'),
(247, '522494269', 12, 'Afra Abnar'),
(248, '522563219', 12, 'Amin Fazli'),
(249, '540174323', 12, 'Zia Jalali'),
(250, '542988476', 12, 'Kellie Warren Penn'),
(251, '543702584', 12, 'Farzaneh Taherkhani'),
(252, '544487932', 12, 'Maryam Hamidirad'),
(253, '546383935', 12, 'Narsis Agbgi'),
(254, '549356273', 12, 'Sima Azimipoor'),
(255, '556452825', 12, 'روشنک وصالی'),
(256, '558605619', 12, 'Sudābe Eynali'),
(257, '566619443', 12, 'Hoda Ehsan'),
(258, '569292553', 12, 'Atieh Sarraf'),
(259, '576111763', 12, 'Anahita Moaddab'),
(260, '598596461', 12, 'Maliheh Mnz'),
(261, '600220836', 12, 'Maryam Eslami'),
(262, '605235497', 12, 'Pooja Jain'),
(263, '609411497', 12, 'Mahdie Seyed'),
(264, '611699059', 12, 'Smr Daruki'),
(265, '628700462', 12, 'Banafsheh Behzad'),
(266, '633438706', 12, 'Zahra Jalili'),
(267, '641265525', 12, 'Mahsa Hayeri'),
(268, '645833550', 12, 'Sara Nazemian'),
(269, '646212485', 12, 'Elham Sherafat'),
(270, '659253293', 12, 'Behnam Tavakoli'),
(271, '664164753', 12, 'Saeed Jahani'),
(272, '671336447', 12, 'Fateme Fotuhi'),
(273, '673192876', 12, 'MohammadAmin Allahdad'),
(274, '679797505', 12, 'Mahdie Jadaliha'),
(275, '680950583', 12, 'Maryam Booshehrian'),
(276, '685330351', 12, 'Sara Bp'),
(277, '693872358', 12, 'Salehe Ghasempur'),
(278, '693924916', 12, 'Naeemeh Omidvar'),
(279, '699286511', 12, 'Nazanin Bakhshi'),
(280, '715553469', 12, 'Anahita FN'),
(281, '728525023', 12, 'Karrie G. Karahalios'),
(282, '734123366', 12, 'Mary McGregor Pietrowicz'),
(283, '748813532', 12, 'Alimo Rabbani'),
(284, '752357555', 12, 'Nima Pourdamghani'),
(285, '758213646', 12, 'Nahid Yousefi'),
(286, '768484159', 12, 'Parisa Kaghazgaran'),
(287, '770173881', 12, 'Monire Montazeri'),
(288, '837322411', 12, 'Farzaneh Radnyia'),
(289, '838216504', 12, 'Hoda Akbari'),
(290, '846109473', 12, 'Narges Shahidi'),
(291, '889850433', 12, 'Fereshteh Razmi'),
(292, '1016088729', 12, 'Fatima Kamali'),
(293, '1019613315', 12, 'Marzieh Razavi'),
(294, '1027344584', 12, 'Marjan Ghazvini Nejad'),
(295, '1037477680', 12, 'Negar Nazari'),
(296, '1041360447', 12, 'At Asa'),
(297, '1054515959', 12, 'Mohammad Ghodsi'),
(298, '1055784518', 12, 'Amin Sadeghi'),
(299, '1055935312', 12, 'Romina Eslami'),
(300, '1057624580', 12, 'FTm KZm'),
(301, '1059054766', 12, 'Shivangi Prasad'),
(302, '1059115259', 12, 'Nafise Syd'),
(303, '1063159474', 12, 'Leyla Emamy'),
(304, '1070073650', 12, 'Ati Taheri'),
(305, '1070887043', 12, 'Hale Dizaji'),
(306, '1079365194', 12, 'Mehran Liaee'),
(307, '1080420483', 12, 'Amir Shaikhha'),
(308, '1086255107', 12, 'HamidReza Maghbooli'),
(309, '1105121057', 12, 'Amirhossein Aleyasin'),
(310, '1115194643', 12, 'Negar Reiskarimian'),
(311, '1116181673', 12, 'Parnian Alimi'),
(312, '1127303649', 12, 'Maryam Habibi'),
(313, '1133850813', 12, 'Sharareh Alipour'),
(314, '1141626587', 12, 'Shohreh Shaghaghian'),
(315, '1142100918', 12, 'Mehrnoosh Sameki'),
(316, '1142211686', 12, 'LaLeh Ab'),
(317, '1143321504', 12, 'Simin Moh'),
(318, '1144298315', 12, 'Ghazaleh Haghighat'),
(319, '1144424634', 12, 'Erfan Zamanian'),
(320, '1150041349', 12, 'Parisa Delfani'),
(321, '1152111451', 12, 'Zeynab Zarei'),
(322, '1153851746', 12, 'Samane Kazemi'),
(323, '1157121591', 12, 'Zeinab Ganjei'),
(324, '1157373987', 12, 'Alireza Ghasemi'),
(325, '1160391788', 12, 'Maede Sadeghi'),
(326, '1163003590', 12, 'Mehrdad Khaledi'),
(327, '1163781625', 12, 'Hakimeh Amiri'),
(328, '1167801409', 12, 'Metta Nat'),
(329, '1172661328', 12, 'Samra Tavakkol'),
(330, '1173213773', 12, 'Mohsen Salari'),
(331, '1174328805', 12, 'Moslem Habibi'),
(332, '1176321565', 12, 'Lili Karimi'),
(333, '1180840711', 12, 'Meysam Aghighi'),
(334, '1182322114', 12, 'Fatemesadat Shahravesh'),
(335, '1185882245', 12, 'Mohammad Salehe'),
(336, '1924477', 13, 'Zahra Golshani'),
(337, '1929103', 13, 'Wookyung Lee'),
(338, '3223232', 13, 'Zohreh Zoe G'),
(339, '21003982', 13, 'Mohammad Ali Safari'),
(340, '510997224', 13, 'Saba Aflaki'),
(341, '517137748', 13, 'Ajoy Savio Fernandes'),
(342, '521329425', 13, 'Farnaz Ronaghi'),
(343, '521589775', 13, 'Tayyebe Asgari'),
(344, '522024741', 13, 'Azin Ashgar'),
(345, '522143610', 13, 'Gholamreza Esfandani'),
(346, '522267167', 13, 'Mahdie Dehghan'),
(347, '522494269', 13, 'Afra Abnar'),
(348, '522563219', 13, 'Amin Fazli'),
(349, '540174323', 13, 'Zia Jalali'),
(350, '542988476', 13, 'Kellie Warren Penn'),
(351, '543702584', 13, 'Farzaneh Taherkhani'),
(352, '544487932', 13, 'Maryam Hamidirad'),
(353, '546383935', 13, 'Narsis Agbgi'),
(354, '549356273', 13, 'Sima Azimipoor'),
(355, '556452825', 13, 'روشنک وصالی'),
(356, '558605619', 13, 'Sudābe Eynali'),
(357, '566619443', 13, 'Hoda Ehsan'),
(358, '569292553', 13, 'Atieh Sarraf'),
(359, '576111763', 13, 'Anahita Moaddab'),
(360, '598596461', 13, 'Maliheh Mnz'),
(361, '600220836', 13, 'Maryam Eslami'),
(362, '605235497', 13, 'Pooja Jain'),
(363, '609411497', 13, 'Mahdie Seyed'),
(364, '611699059', 13, 'Smr Daruki'),
(365, '628700462', 13, 'Banafsheh Behzad'),
(366, '633438706', 13, 'Zahra Jalili'),
(367, '641265525', 13, 'Mahsa Hayeri'),
(368, '645833550', 13, 'Sara Nazemian'),
(369, '646212485', 13, 'Elham Sherafat'),
(370, '659253293', 13, 'Behnam Tavakoli'),
(371, '664164753', 13, 'Saeed Jahani'),
(372, '671336447', 13, 'Fateme Fotuhi'),
(373, '673192876', 13, 'MohammadAmin Allahdad'),
(374, '679797505', 13, 'Mahdie Jadaliha'),
(375, '680950583', 13, 'Maryam Booshehrian'),
(376, '685330351', 13, 'Sara Bp'),
(377, '693872358', 13, 'Salehe Ghasempur'),
(378, '693924916', 13, 'Naeemeh Omidvar'),
(379, '699286511', 13, 'Nazanin Bakhshi'),
(380, '715553469', 13, 'Anahita FN'),
(381, '728525023', 13, 'Karrie G. Karahalios'),
(382, '734123366', 13, 'Mary McGregor Pietrowicz'),
(383, '748813532', 13, 'Alimo Rabbani'),
(384, '752357555', 13, 'Nima Pourdamghani'),
(385, '758213646', 13, 'Nahid Yousefi'),
(386, '768484159', 13, 'Parisa Kaghazgaran'),
(387, '770173881', 13, 'Monire Montazeri'),
(388, '837322411', 13, 'Farzaneh Radnyia'),
(389, '838216504', 13, 'Hoda Akbari'),
(390, '846109473', 13, 'Narges Shahidi'),
(391, '889850433', 13, 'Fereshteh Razmi'),
(392, '1016088729', 13, 'Fatima Kamali'),
(393, '1019613315', 13, 'Marzieh Razavi'),
(394, '1027344584', 13, 'Marjan Ghazvini Nejad'),
(395, '1037477680', 13, 'Negar Nazari'),
(396, '1041360447', 13, 'At Asa'),
(397, '1054515959', 13, 'Mohammad Ghodsi'),
(398, '1055784518', 13, 'Amin Sadeghi'),
(399, '1055935312', 13, 'Romina Eslami'),
(400, '1057624580', 13, 'FTm KZm'),
(401, '1059054766', 13, 'Shivangi Prasad'),
(402, '1059115259', 13, 'Nafise Syd'),
(403, '1063159474', 13, 'Leyla Emamy'),
(404, '1070073650', 13, 'Ati Taheri'),
(405, '1070887043', 13, 'Hale Dizaji'),
(406, '1079365194', 13, 'Mehran Liaee'),
(407, '1080420483', 13, 'Amir Shaikhha'),
(408, '1086255107', 13, 'HamidReza Maghbooli'),
(409, '1105121057', 13, 'Amirhossein Aleyasin'),
(410, '1115194643', 13, 'Negar Reiskarimian'),
(411, '1116181673', 13, 'Parnian Alimi'),
(412, '1127303649', 13, 'Maryam Habibi'),
(413, '1133850813', 13, 'Sharareh Alipour'),
(414, '1141626587', 13, 'Shohreh Shaghaghian'),
(415, '1142100918', 13, 'Mehrnoosh Sameki'),
(416, '1142211686', 13, 'LaLeh Ab'),
(417, '1143321504', 13, 'Simin Moh'),
(418, '1144298315', 13, 'Ghazaleh Haghighat'),
(419, '1144424634', 13, 'Erfan Zamanian'),
(420, '1150041349', 13, 'Parisa Delfani'),
(421, '1152111451', 13, 'Zeynab Zarei'),
(422, '1153851746', 13, 'Samane Kazemi'),
(423, '1157121591', 13, 'Zeinab Ganjei'),
(424, '1157373987', 13, 'Alireza Ghasemi'),
(425, '1160391788', 13, 'Maede Sadeghi'),
(426, '1163003590', 13, 'Mehrdad Khaledi'),
(427, '1163781625', 13, 'Hakimeh Amiri'),
(428, '1167801409', 13, 'Metta Nat'),
(429, '1172661328', 13, 'Samra Tavakkol'),
(430, '1173213773', 13, 'Mohsen Salari'),
(431, '1174328805', 13, 'Moslem Habibi'),
(432, '1176321565', 13, 'Lili Karimi'),
(433, '1180840711', 13, 'Meysam Aghighi'),
(434, '1182322114', 13, 'Fatemesadat Shahravesh'),
(435, '1185882245', 13, 'Mohammad Salehe'),
(436, '1924477', 14, 'Zahra Golshani'),
(437, '1929103', 14, 'Wookyung Lee'),
(438, '3223232', 14, 'Zohreh Zoe G'),
(439, '21003982', 14, 'Mohammad Ali Safari'),
(440, '510997224', 14, 'Saba Aflaki'),
(441, '517137748', 14, 'Ajoy Savio Fernandes'),
(442, '521329425', 14, 'Farnaz Ronaghi'),
(443, '521589775', 14, 'Tayyebe Asgari'),
(444, '522024741', 14, 'Azin Ashgar'),
(445, '522143610', 14, 'Gholamreza Esfandani'),
(446, '522267167', 14, 'Mahdie Dehghan'),
(447, '522494269', 14, 'Afra Abnar'),
(448, '522563219', 14, 'Amin Fazli'),
(449, '540174323', 14, 'Zia Jalali'),
(450, '542988476', 14, 'Kellie Warren Penn'),
(451, '543702584', 14, 'Farzaneh Taherkhani'),
(452, '544487932', 14, 'Maryam Hamidirad'),
(453, '546383935', 14, 'Narsis Agbgi'),
(454, '549356273', 14, 'Sima Azimipoor'),
(455, '556452825', 14, 'روشنک وصالی'),
(456, '558605619', 14, 'Sudābe Eynali'),
(457, '566619443', 14, 'Hoda Ehsan'),
(458, '569292553', 14, 'Atieh Sarraf'),
(459, '576111763', 14, 'Anahita Moaddab'),
(460, '598596461', 14, 'Maliheh Mnz'),
(461, '600220836', 14, 'Maryam Eslami'),
(462, '605235497', 14, 'Pooja Jain'),
(463, '609411497', 14, 'Mahdie Seyed'),
(464, '611699059', 14, 'Smr Daruki'),
(465, '628700462', 14, 'Banafsheh Behzad'),
(466, '633438706', 14, 'Zahra Jalili'),
(467, '641265525', 14, 'Mahsa Hayeri'),
(468, '645833550', 14, 'Sara Nazemian'),
(469, '646212485', 14, 'Elham Sherafat'),
(470, '659253293', 14, 'Behnam Tavakoli'),
(471, '664164753', 14, 'Saeed Jahani'),
(472, '671336447', 14, 'Fateme Fotuhi'),
(473, '673192876', 14, 'MohammadAmin Allahdad'),
(474, '679797505', 14, 'Mahdie Jadaliha'),
(475, '680950583', 14, 'Maryam Booshehrian'),
(476, '685330351', 14, 'Sara Bp'),
(477, '693872358', 14, 'Salehe Ghasempur'),
(478, '693924916', 14, 'Naeemeh Omidvar'),
(479, '699286511', 14, 'Nazanin Bakhshi'),
(480, '715553469', 14, 'Anahita FN'),
(481, '728525023', 14, 'Karrie G. Karahalios'),
(482, '734123366', 14, 'Mary McGregor Pietrowicz'),
(483, '748813532', 14, 'Alimo Rabbani'),
(484, '752357555', 14, 'Nima Pourdamghani'),
(485, '758213646', 14, 'Nahid Yousefi'),
(486, '768484159', 14, 'Parisa Kaghazgaran'),
(487, '770173881', 14, 'Monire Montazeri'),
(488, '837322411', 14, 'Farzaneh Radnyia'),
(489, '838216504', 14, 'Hoda Akbari'),
(490, '846109473', 14, 'Narges Shahidi'),
(491, '889850433', 14, 'Fereshteh Razmi'),
(492, '1016088729', 14, 'Fatima Kamali'),
(493, '1019613315', 14, 'Marzieh Razavi'),
(494, '1027344584', 14, 'Marjan Ghazvini Nejad'),
(495, '1037477680', 14, 'Negar Nazari'),
(496, '1041360447', 14, 'At Asa'),
(497, '1054515959', 14, 'Mohammad Ghodsi'),
(498, '1055784518', 14, 'Amin Sadeghi'),
(499, '1055935312', 14, 'Romina Eslami'),
(500, '1057624580', 14, 'FTm KZm'),
(501, '1059054766', 14, 'Shivangi Prasad'),
(502, '1059115259', 14, 'Nafise Syd'),
(503, '1063159474', 14, 'Leyla Emamy'),
(504, '1070073650', 14, 'Ati Taheri'),
(505, '1070887043', 14, 'Hale Dizaji'),
(506, '1079365194', 14, 'Mehran Liaee'),
(507, '1080420483', 14, 'Amir Shaikhha'),
(508, '1086255107', 14, 'HamidReza Maghbooli'),
(509, '1105121057', 14, 'Amirhossein Aleyasin'),
(510, '1115194643', 14, 'Negar Reiskarimian'),
(511, '1116181673', 14, 'Parnian Alimi'),
(512, '1127303649', 14, 'Maryam Habibi'),
(513, '1133850813', 14, 'Sharareh Alipour'),
(514, '1141626587', 14, 'Shohreh Shaghaghian'),
(515, '1142100918', 14, 'Mehrnoosh Sameki'),
(516, '1142211686', 14, 'LaLeh Ab'),
(517, '1143321504', 14, 'Simin Moh'),
(518, '1144298315', 14, 'Ghazaleh Haghighat'),
(519, '1144424634', 14, 'Erfan Zamanian'),
(520, '1150041349', 14, 'Parisa Delfani'),
(521, '1152111451', 14, 'Zeynab Zarei'),
(522, '1153851746', 14, 'Samane Kazemi'),
(523, '1157121591', 14, 'Zeinab Ganjei'),
(524, '1157373987', 14, 'Alireza Ghasemi'),
(525, '1160391788', 14, 'Maede Sadeghi'),
(526, '1163003590', 14, 'Mehrdad Khaledi'),
(527, '1163781625', 14, 'Hakimeh Amiri'),
(528, '1167801409', 14, 'Metta Nat'),
(529, '1172661328', 14, 'Samra Tavakkol'),
(530, '1173213773', 14, 'Mohsen Salari'),
(531, '1174328805', 14, 'Moslem Habibi'),
(532, '1176321565', 14, 'Lili Karimi'),
(533, '1180840711', 14, 'Meysam Aghighi'),
(534, '1182322114', 14, 'Fatemesadat Shahravesh'),
(535, '1185882245', 14, 'Mohammad Salehe'),
(536, '810053', 15, 'Mathew Djavaherian'),
(537, '1924477', 15, 'Zahra Golshani'),
(538, '1925229', 15, 'Mohsen Dadfarnia'),
(539, '1928514', 15, 'Mohammad Sahrapour'),
(540, '1937781', 15, 'Ali Khosro'),
(541, '1954834', 15, 'Amir Houmansadr'),
(542, '1955278', 15, 'Mona Az'),
(543, '1955567', 15, 'Ali Hajbabaie'),
(544, '1956494', 15, 'Mao-Chuang Yeh'),
(545, '3223232', 15, 'Zohreh Zoe G'),
(546, '13613138', 15, 'Dorna Kashef'),
(547, '21003825', 15, 'Mani Golparvar'),
(548, '21003982', 15, 'Mohammad Ali Safari'),
(549, '116204782', 15, 'Iman Hajirasouliha'),
(550, '200301409', 15, 'Jarod Spohrer'),
(551, '223411645', 15, 'Sina Badiei'),
(552, '501892626', 15, 'Saman Barghi'),
(553, '502272751', 15, 'Hamid Najafvand'),
(554, '502833273', 15, 'Hossein Akhlaghpour'),
(555, '504546360', 15, 'Mohsen Jafari'),
(556, '506431122', 15, 'Babak Shotorban'),
(557, '509513750', 15, 'Houshmand Shirani Mehr'),
(558, '810053', 17, 'Mathew Djavaherian'),
(559, '810053', 19, 'Mathew Djavaherian'),
(560, '810053', 20, 'Mathew Djavaherian'),
(561, '1924477', 20, 'Zahra Golshani'),
(562, '1925229', 20, 'Mohsen Dadfarnia'),
(563, '1928514', 20, 'Mohammad Sahrapour'),
(564, '810053', 21, 'Mathew Djavaherian'),
(565, '1924477', 21, 'Zahra Golshani'),
(566, '1925229', 21, 'Mohsen Dadfarnia'),
(567, '1928514', 21, 'Mohammad Sahrapour'),
(568, '1937781', 21, 'Ali Khosro'),
(569, '810053', 22, 'Mathew Djavaherian'),
(570, '1924477', 22, 'Zahra Golshani'),
(571, '1925229', 22, 'Mohsen Dadfarnia'),
(572, '1928514', 22, 'Mohammad Sahrapour'),
(573, '1937781', 22, 'Ali Khosro'),
(574, '810053', 23, 'Mathew Djavaherian'),
(575, '1924477', 23, 'Zahra Golshani'),
(576, '1925229', 23, 'Mohsen Dadfarnia'),
(577, '1928514', 23, 'Mohammad Sahrapour'),
(578, '1937781', 23, 'Ali Khosro');

-- --------------------------------------------------------

--
-- Table structure for table `post`
--

CREATE TABLE IF NOT EXISTS `post` (
  `id` bigint(20) NOT NULL AUTO_INCREMENT,
  `friend` bigint(20) NOT NULL,
  `category` bigint(20) NOT NULL,
  `seen` bigint(20) NOT NULL,
  `not_seen` bigint(20) NOT NULL,
  PRIMARY KEY (`id`),
  KEY `friend_id` (`friend`,`category`),
  KEY `category` (`category`)
) ENGINE=InnoDB  DEFAULT CHARSET=utf8 AUTO_INCREMENT=1011 ;

--
-- Dumping data for table `post`
--

INSERT INTO `post` (`id`, `friend`, `category`, `seen`, `not_seen`) VALUES
(1, 1, 3, 0, 1),
(2, 1, 8, 0, 1),
(3, 2, 3, 0, 1),
(4, 2, 8, 0, 1),
(5, 3, 8, 0, 0),
(6, 4, 8, 0, 0),
(7, 5, 2, 1, 0),
(8, 5, 3, 5, 0),
(9, 5, 5, 1, 0),
(10, 5, 4, 0, 2),
(11, 5, 8, 7, 2),
(12, 6, 8, 0, 0),
(13, 7, 3, 2, 0),
(14, 7, 8, 2, 0),
(15, 8, 8, 0, 0),
(16, 9, 8, 0, 0),
(17, 10, 3, 1, 3),
(18, 10, 4, 1, 0),
(19, 10, 8, 2, 3),
(20, 11, 8, 0, 0),
(21, 12, 8, 0, 0),
(22, 13, 3, 0, 1),
(23, 13, 8, 0, 1),
(24, 14, 8, 0, 0),
(25, 15, 3, 1, 0),
(26, 15, 4, 1, 0),
(27, 15, 8, 2, 0),
(28, 16, 8, 0, 0),
(29, 17, 8, 0, 0),
(30, 18, 8, 0, 0),
(31, 19, 3, 0, 1),
(32, 19, 8, 0, 1),
(33, 20, 3, 0, 1),
(34, 20, 5, 1, 0),
(35, 20, 8, 1, 1),
(36, 21, 8, 0, 0),
(37, 22, 3, 0, 2),
(38, 22, 8, 0, 2),
(39, 23, 8, 0, 0),
(40, 24, 2, 1, 0),
(41, 24, 3, 1, 1),
(42, 24, 4, 1, 1),
(43, 24, 8, 3, 2),
(44, 25, 8, 0, 0),
(45, 26, 3, 0, 1),
(46, 26, 8, 0, 1),
(47, 27, 3, 0, 1),
(48, 27, 8, 0, 1),
(49, 28, 8, 0, 0),
(50, 29, 8, 0, 0),
(51, 30, 2, 1, 0),
(52, 30, 3, 5, 0),
(53, 30, 5, 1, 0),
(54, 30, 4, 0, 2),
(55, 30, 8, 7, 2),
(56, 31, 8, 0, 0),
(57, 32, 3, 2, 0),
(58, 32, 8, 2, 0),
(59, 33, 8, 0, 0),
(60, 34, 8, 0, 0),
(61, 35, 3, 1, 3),
(62, 35, 4, 1, 0),
(63, 35, 8, 2, 3),
(64, 36, 8, 0, 0),
(65, 37, 8, 0, 0),
(66, 38, 3, 0, 1),
(67, 38, 8, 0, 1),
(68, 39, 8, 0, 0),
(69, 40, 3, 1, 0),
(70, 40, 4, 1, 0),
(71, 40, 8, 2, 0),
(72, 41, 8, 0, 0),
(73, 42, 8, 0, 0),
(74, 43, 8, 0, 0),
(75, 44, 3, 0, 1),
(76, 44, 8, 0, 1),
(77, 45, 3, 0, 1),
(78, 45, 5, 1, 0),
(79, 45, 8, 1, 1),
(80, 46, 8, 0, 0),
(81, 47, 3, 0, 2),
(82, 47, 8, 0, 2),
(83, 48, 8, 0, 0),
(84, 49, 2, 1, 0),
(85, 49, 3, 1, 1),
(86, 49, 4, 1, 1),
(87, 49, 8, 3, 2),
(88, 50, 8, 0, 0),
(89, 51, 3, 0, 1),
(90, 51, 8, 0, 1),
(91, 52, 3, 0, 1),
(92, 52, 8, 0, 1),
(93, 53, 8, 0, 0),
(94, 54, 8, 0, 0),
(95, 55, 2, 1, 0),
(96, 55, 3, 5, 0),
(97, 55, 5, 1, 0),
(98, 55, 4, 0, 2),
(99, 55, 8, 7, 2),
(100, 56, 8, 0, 0),
(101, 57, 3, 2, 0),
(102, 57, 8, 2, 0),
(103, 58, 8, 0, 0),
(104, 59, 8, 0, 0),
(105, 60, 3, 1, 3),
(106, 60, 4, 1, 0),
(107, 60, 8, 2, 3),
(108, 61, 8, 0, 0),
(109, 62, 8, 0, 0),
(110, 63, 3, 0, 1),
(111, 63, 8, 0, 1),
(112, 64, 8, 0, 0),
(113, 65, 3, 1, 0),
(114, 65, 4, 1, 0),
(115, 65, 8, 2, 0),
(116, 66, 8, 0, 0),
(117, 67, 8, 0, 0),
(118, 68, 8, 0, 0),
(119, 69, 3, 0, 1),
(120, 69, 8, 0, 1),
(121, 70, 3, 0, 1),
(122, 70, 5, 1, 0),
(123, 70, 8, 1, 1),
(124, 71, 8, 0, 0),
(125, 72, 3, 0, 2),
(126, 72, 8, 0, 2),
(127, 73, 8, 0, 0),
(128, 74, 2, 1, 0),
(129, 74, 3, 1, 1),
(130, 74, 4, 1, 1),
(131, 74, 8, 3, 2),
(132, 75, 8, 0, 0),
(133, 76, 3, 0, 1),
(134, 76, 8, 0, 1),
(135, 77, 3, 0, 1),
(136, 77, 8, 0, 1),
(137, 78, 8, 0, 0),
(138, 79, 8, 0, 0),
(139, 80, 2, 1, 0),
(140, 80, 3, 5, 0),
(141, 80, 5, 1, 0),
(142, 80, 4, 0, 2),
(143, 80, 8, 7, 2),
(144, 81, 8, 0, 0),
(145, 82, 3, 2, 0),
(146, 82, 8, 2, 0),
(147, 83, 8, 0, 0),
(148, 84, 8, 0, 0),
(149, 85, 3, 1, 3),
(150, 85, 4, 1, 0),
(151, 85, 8, 2, 3),
(152, 86, 3, 0, 1),
(153, 86, 8, 0, 1),
(154, 87, 3, 0, 1),
(155, 87, 8, 0, 1),
(156, 88, 8, 0, 0),
(157, 89, 8, 0, 0),
(158, 90, 2, 1, 0),
(159, 90, 3, 5, 0),
(160, 90, 5, 1, 0),
(161, 90, 4, 0, 2),
(162, 90, 8, 7, 2),
(163, 91, 8, 0, 0),
(164, 92, 3, 2, 0),
(165, 92, 8, 2, 0),
(166, 93, 8, 0, 0),
(167, 94, 8, 0, 0),
(168, 95, 3, 1, 3),
(169, 95, 4, 1, 0),
(170, 95, 8, 2, 3),
(171, 96, 3, 0, 1),
(172, 96, 8, 0, 1),
(173, 97, 3, 0, 1),
(174, 97, 8, 0, 1),
(175, 98, 8, 0, 0),
(176, 99, 8, 0, 0),
(177, 100, 2, 1, 0),
(178, 100, 3, 5, 0),
(179, 100, 5, 1, 0),
(180, 100, 4, 0, 2),
(181, 100, 8, 7, 2),
(182, 101, 8, 0, 0),
(183, 102, 3, 2, 0),
(184, 102, 8, 2, 0),
(185, 103, 8, 0, 0),
(186, 104, 8, 0, 0),
(187, 105, 3, 1, 3),
(188, 105, 4, 1, 0),
(189, 105, 8, 2, 3),
(190, 106, 3, 0, 1),
(191, 106, 8, 0, 1),
(192, 107, 3, 0, 1),
(193, 107, 8, 0, 1),
(194, 108, 8, 0, 0),
(195, 109, 8, 0, 0),
(196, 110, 2, 1, 0),
(197, 110, 3, 5, 0),
(198, 110, 5, 1, 0),
(199, 110, 4, 0, 2),
(200, 110, 8, 7, 2),
(201, 111, 8, 0, 0),
(202, 112, 3, 2, 0),
(203, 112, 8, 2, 0),
(204, 113, 8, 0, 0),
(205, 114, 8, 0, 0),
(206, 115, 3, 1, 3),
(207, 115, 4, 1, 0),
(208, 115, 8, 2, 3),
(209, 116, 3, 0, 1),
(210, 116, 8, 0, 1),
(211, 117, 3, 0, 1),
(212, 117, 8, 0, 1),
(213, 118, 8, 0, 0),
(214, 119, 8, 0, 0),
(215, 120, 2, 1, 0),
(216, 120, 3, 5, 0),
(217, 120, 5, 1, 0),
(218, 120, 4, 0, 2),
(219, 120, 8, 7, 2),
(220, 121, 8, 0, 0),
(221, 122, 3, 2, 0),
(222, 122, 8, 2, 0),
(223, 123, 8, 0, 0),
(224, 124, 8, 0, 0),
(225, 125, 3, 1, 3),
(226, 125, 4, 1, 0),
(227, 125, 8, 2, 3),
(228, 126, 3, 0, 1),
(229, 126, 8, 0, 1),
(230, 127, 3, 0, 1),
(231, 127, 8, 0, 1),
(232, 128, 8, 0, 0),
(233, 129, 8, 0, 0),
(234, 130, 2, 1, 0),
(235, 130, 3, 5, 0),
(236, 130, 5, 1, 0),
(237, 130, 4, 0, 2),
(238, 130, 8, 7, 2),
(239, 131, 8, 0, 0),
(240, 132, 3, 2, 0),
(241, 132, 8, 2, 0),
(242, 133, 8, 0, 0),
(243, 134, 8, 0, 0),
(244, 135, 3, 1, 3),
(245, 135, 4, 1, 0),
(246, 135, 8, 2, 3),
(247, 136, 3, 0, 1),
(248, 136, 8, 0, 1),
(249, 137, 3, 0, 1),
(250, 137, 8, 0, 1),
(251, 138, 8, 0, 0),
(252, 139, 8, 0, 0),
(253, 140, 2, 1, 0),
(254, 140, 3, 5, 0),
(255, 140, 5, 1, 0),
(256, 140, 4, 0, 2),
(257, 140, 8, 7, 2),
(258, 141, 8, 0, 0),
(259, 142, 3, 2, 0),
(260, 142, 8, 2, 0),
(261, 143, 8, 0, 0),
(262, 144, 8, 0, 0),
(263, 145, 3, 1, 3),
(264, 145, 4, 1, 0),
(265, 145, 8, 2, 3),
(266, 146, 8, 0, 0),
(267, 147, 8, 0, 0),
(268, 148, 3, 0, 1),
(269, 148, 8, 0, 1),
(270, 149, 8, 0, 0),
(271, 150, 3, 1, 0),
(272, 150, 4, 1, 0),
(273, 150, 8, 2, 0),
(274, 151, 8, 0, 0),
(275, 152, 8, 0, 0),
(276, 153, 8, 0, 0),
(277, 154, 3, 0, 2),
(278, 154, 8, 0, 2),
(279, 155, 3, 0, 1),
(280, 155, 5, 1, 0),
(281, 155, 8, 1, 1),
(282, 156, 8, 0, 0),
(283, 157, 3, 0, 2),
(284, 157, 8, 0, 2),
(285, 158, 8, 0, 0),
(286, 159, 2, 1, 0),
(287, 159, 3, 1, 1),
(288, 159, 4, 1, 2),
(289, 159, 8, 3, 3),
(290, 160, 8, 0, 0),
(291, 161, 8, 0, 0),
(292, 162, 8, 0, 0),
(293, 163, 8, 0, 0),
(294, 164, 8, 0, 0),
(295, 165, 8, 0, 0),
(296, 166, 8, 0, 0),
(297, 167, 3, 1, 0),
(298, 167, 8, 1, 0),
(299, 168, 8, 0, 0),
(300, 169, 4, 1, 0),
(301, 169, 8, 1, 0),
(302, 170, 8, 0, 0),
(303, 171, 8, 0, 0),
(304, 172, 8, 0, 0),
(305, 173, 3, 0, 1),
(306, 173, 8, 0, 1),
(307, 174, 3, 3, 1),
(308, 174, 4, 2, 0),
(309, 174, 8, 5, 1),
(310, 175, 3, 1, 1),
(311, 175, 8, 1, 1),
(312, 176, 8, 0, 0),
(313, 177, 2, 0, 1),
(314, 177, 8, 0, 1),
(315, 178, 3, 1, 0),
(316, 178, 8, 1, 0),
(317, 179, 8, 0, 0),
(318, 180, 8, 0, 0),
(319, 181, 8, 0, 0),
(320, 182, 2, 0, 1),
(321, 182, 3, 2, 1),
(322, 182, 8, 2, 2),
(323, 183, 8, 0, 0),
(324, 184, 8, 0, 0),
(325, 185, 8, 0, 0),
(326, 186, 8, 0, 0),
(327, 187, 3, 0, 1),
(328, 187, 5, 1, 0),
(329, 187, 8, 1, 1),
(330, 188, 8, 0, 0),
(331, 189, 8, 0, 0),
(332, 190, 4, 1, 0),
(333, 190, 8, 1, 0),
(334, 191, 8, 0, 0),
(335, 192, 8, 0, 0),
(336, 193, 8, 0, 0),
(337, 194, 8, 0, 0),
(338, 195, 2, 0, 1),
(339, 195, 3, 0, 1),
(340, 195, 8, 0, 2),
(341, 196, 3, 1, 1),
(342, 196, 8, 1, 1),
(343, 197, 3, 1, 3),
(344, 197, 8, 1, 3),
(345, 198, 8, 0, 0),
(346, 199, 3, 0, 1),
(347, 199, 8, 0, 1),
(348, 200, 8, 0, 0),
(349, 201, 8, 0, 0),
(350, 202, 2, 1, 1),
(351, 202, 5, 1, 0),
(352, 202, 4, 0, 1),
(353, 202, 8, 2, 2),
(354, 203, 8, 0, 0),
(355, 204, 8, 0, 0),
(356, 205, 3, 0, 2),
(357, 205, 8, 0, 2),
(358, 206, 8, 0, 0),
(359, 207, 8, 0, 0),
(360, 208, 8, 0, 0),
(361, 209, 8, 0, 0),
(362, 210, 3, 0, 1),
(363, 210, 8, 0, 1),
(364, 211, 8, 0, 0),
(365, 212, 3, 1, 0),
(366, 212, 8, 1, 0),
(367, 213, 2, 1, 0),
(368, 213, 3, 2, 0),
(369, 213, 8, 3, 0),
(370, 214, 4, 1, 0),
(371, 214, 8, 1, 0),
(372, 215, 8, 0, 0),
(373, 216, 8, 0, 0),
(374, 217, 8, 0, 0),
(375, 218, 8, 0, 0),
(376, 219, 8, 0, 0),
(377, 220, 2, 0, 1),
(378, 220, 8, 0, 1),
(379, 221, 8, 0, 0),
(380, 222, 8, 0, 0),
(381, 223, 8, 0, 0),
(382, 224, 8, 0, 0),
(383, 225, 2, 0, 1),
(384, 225, 3, 0, 1),
(385, 225, 8, 0, 2),
(386, 226, 8, 0, 0),
(387, 227, 8, 0, 0),
(388, 228, 3, 0, 1),
(389, 228, 8, 0, 1),
(390, 229, 8, 0, 0),
(391, 230, 3, 1, 0),
(392, 230, 8, 1, 0),
(393, 231, 8, 0, 0),
(394, 232, 3, 0, 1),
(395, 232, 8, 0, 1),
(396, 233, 8, 0, 0),
(397, 234, 3, 0, 1),
(398, 234, 8, 0, 1),
(399, 235, 8, 0, 0),
(400, 236, 8, 0, 0),
(401, 237, 8, 0, 0),
(402, 238, 3, 0, 3),
(403, 238, 4, 2, -1),
(404, 238, 8, 2, 2),
(405, 239, 3, 0, 2),
(406, 239, 8, 0, 2),
(407, 240, 2, 0, 1),
(408, 240, 8, 0, 1),
(409, 241, 8, 0, 0),
(410, 242, 8, 0, 0),
(411, 243, 8, 0, 0),
(412, 244, 8, 0, 0),
(413, 245, 3, 1, 0),
(414, 245, 8, 1, 0),
(415, 246, 8, 0, 0),
(416, 247, 3, 0, 1),
(417, 247, 8, 0, 1),
(418, 248, 3, 2, 1),
(419, 248, 4, 2, 0),
(420, 248, 8, 4, 1),
(421, 249, 8, 0, 0),
(422, 250, 3, 0, 2),
(423, 250, 8, 0, 2),
(424, 251, 8, 0, 0),
(425, 252, 8, 0, 0),
(426, 253, 4, 1, 0),
(427, 253, 8, 1, 0),
(428, 254, 2, 1, 2),
(429, 254, 3, 1, 1),
(430, 254, 4, 2, 0),
(431, 254, 8, 4, 3),
(432, 255, 3, 0, 2),
(433, 255, 8, 0, 2),
(434, 256, 8, 0, 0),
(435, 257, 2, 0, 1),
(436, 257, 4, 1, 0),
(437, 257, 8, 1, 1),
(438, 258, 8, 0, 0),
(439, 259, 3, 0, 1),
(440, 259, 8, 0, 1),
(441, 260, 3, 0, 1),
(442, 260, 8, 0, 1),
(443, 261, 3, 1, 0),
(444, 261, 8, 1, 0),
(445, 262, 2, 0, 1),
(446, 262, 8, 0, 1),
(447, 263, 8, 0, 0),
(448, 264, 8, 0, 0),
(449, 265, 8, 0, 0),
(450, 266, 3, 0, 1),
(451, 266, 8, 0, 1),
(452, 267, 8, 0, 0),
(453, 268, 8, 0, 0),
(454, 269, 4, 1, 0),
(455, 269, 8, 1, 0),
(456, 270, 2, 0, 1),
(457, 270, 8, 0, 1),
(458, 271, 8, 0, 0),
(459, 272, 8, 0, 0),
(460, 273, 8, 0, 0),
(461, 274, 8, 0, 0),
(462, 275, 3, 0, 1),
(463, 275, 8, 0, 1),
(464, 276, 8, 0, 0),
(465, 277, 3, 1, 1),
(466, 277, 8, 1, 1),
(467, 278, 8, 0, 0),
(468, 279, 8, 0, 0),
(469, 280, 8, 0, 0),
(470, 281, 8, 0, 0),
(471, 282, 8, 0, 0),
(472, 283, 8, 0, 0),
(473, 284, 8, 0, 0),
(474, 285, 8, 0, 0),
(475, 286, 3, 2, -1),
(476, 286, 8, 2, -1),
(477, 287, 3, 1, 0),
(478, 287, 4, 1, 0),
(479, 287, 8, 2, 0),
(480, 288, 8, 0, 0),
(481, 289, 8, 0, 0),
(482, 290, 8, 0, 0),
(483, 291, 8, 0, 0),
(484, 292, 3, 0, 1),
(485, 292, 8, 0, 1),
(486, 293, 3, 0, 1),
(487, 293, 8, 0, 1),
(488, 294, 3, 0, 1),
(489, 294, 8, 0, 1),
(490, 295, 8, 0, 0),
(491, 296, 8, 0, 0),
(492, 297, 8, 0, 0),
(493, 298, 8, 0, 0),
(494, 299, 8, 0, 0),
(495, 300, 4, 1, 0),
(496, 300, 8, 1, 0),
(497, 301, 8, 0, 0),
(498, 302, 2, 0, 1),
(499, 302, 3, 0, 1),
(500, 302, 8, 0, 2),
(501, 303, 8, 0, 0),
(502, 304, 8, 0, 0),
(503, 305, 8, 0, 0),
(504, 306, 8, 0, 0),
(505, 307, 3, 0, 1),
(506, 307, 4, 1, 0),
(507, 307, 8, 1, 1),
(508, 308, 8, 0, 0),
(509, 309, 2, 0, 1),
(510, 309, 3, 1, 0),
(511, 309, 4, 1, 0),
(512, 309, 8, 2, 1),
(513, 310, 8, 0, 0),
(514, 311, 3, 0, 1),
(515, 311, 8, 0, 1),
(516, 312, 8, 0, 0),
(517, 313, 2, 0, 1),
(518, 313, 8, 0, 1),
(519, 314, 8, 0, 0),
(520, 315, 2, 0, 1),
(521, 315, 8, 0, 1),
(522, 316, 2, 0, 1),
(523, 316, 8, 0, 1),
(524, 317, 8, 0, 0),
(525, 318, 8, 0, 0),
(526, 319, 3, 0, 1),
(527, 319, 8, 0, 1),
(528, 320, 8, 0, 0),
(529, 321, 8, 0, 0),
(530, 322, 3, 0, 2),
(531, 322, 8, 0, 2),
(532, 323, 8, 0, 0),
(533, 324, 3, 0, 1),
(534, 324, 8, 0, 1),
(535, 325, 3, 1, 0),
(536, 325, 8, 1, 0),
(537, 326, 3, 0, 1),
(538, 326, 8, 0, 1),
(539, 327, 8, 0, 0),
(540, 328, 8, 0, 0),
(541, 329, 8, 0, 0),
(542, 330, 8, 0, 0),
(543, 331, 8, 0, 0),
(544, 332, 8, 0, 0),
(545, 333, 3, 0, 1),
(546, 333, 8, 0, 1),
(547, 334, 8, 0, 0),
(548, 335, 8, 0, 0),
(549, 336, 3, 1, 0),
(550, 336, 8, 1, 0),
(551, 337, 3, 2, 0),
(552, 337, 8, 2, 0),
(553, 338, 3, 3, 0),
(554, 338, 8, 3, 0),
(555, 339, 3, 4, 0),
(556, 339, 8, 4, 0),
(557, 340, 3, 5, 0),
(558, 340, 8, 5, 0),
(559, 341, 3, 6, 0),
(560, 341, 8, 6, 0),
(561, 342, 3, 7, 0),
(562, 342, 8, 7, 0),
(563, 343, 3, 8, 0),
(564, 343, 8, 8, 0),
(565, 344, 3, 9, 0),
(566, 344, 8, 9, 0),
(567, 345, 3, 10, 0),
(568, 345, 8, 10, 0),
(569, 346, 3, 11, 0),
(570, 346, 8, 11, 0),
(571, 347, 3, 12, 0),
(572, 347, 8, 12, 0),
(573, 348, 3, 13, 0),
(574, 348, 8, 13, 0),
(575, 349, 3, 14, 0),
(576, 349, 8, 14, 0),
(577, 350, 3, 15, 0),
(578, 350, 8, 15, 0),
(579, 351, 3, 16, 0),
(580, 351, 8, 16, 0),
(581, 352, 3, 17, 0),
(582, 352, 8, 17, 0),
(583, 353, 3, 18, 0),
(584, 353, 8, 18, 0),
(585, 354, 3, 19, 0),
(586, 354, 8, 19, 0),
(587, 355, 3, 20, 0),
(588, 355, 8, 20, 0),
(589, 356, 3, 21, 0),
(590, 356, 8, 21, 0),
(591, 357, 3, 22, 0),
(592, 357, 8, 22, 0),
(593, 358, 3, 23, 0),
(594, 358, 8, 23, 0),
(595, 359, 3, 24, 0),
(596, 359, 8, 24, 0),
(597, 360, 3, 25, 0),
(598, 360, 8, 25, 0),
(599, 361, 3, 26, 0),
(600, 361, 8, 26, 0),
(601, 362, 3, 27, 0),
(602, 362, 8, 27, 0),
(603, 363, 3, 28, 0),
(604, 363, 8, 28, 0),
(605, 364, 3, 29, 0),
(606, 364, 8, 29, 0),
(607, 365, 3, 30, 0),
(608, 365, 8, 30, 0),
(609, 366, 3, 31, 0),
(610, 366, 8, 31, 0),
(611, 367, 3, 32, 0),
(612, 367, 8, 32, 0),
(613, 368, 3, 33, 0),
(614, 368, 8, 33, 0),
(615, 369, 3, 34, 0),
(616, 369, 8, 34, 0),
(617, 370, 3, 35, 0),
(618, 370, 8, 35, 0),
(619, 371, 3, 36, 0),
(620, 371, 8, 36, 0),
(621, 372, 3, 37, 0),
(622, 372, 8, 37, 0),
(623, 373, 3, 38, 0),
(624, 373, 8, 38, 0),
(625, 374, 3, 39, 0),
(626, 374, 8, 39, 0),
(627, 375, 3, 40, 0),
(628, 375, 8, 40, 0),
(629, 376, 3, 41, 0),
(630, 376, 8, 41, 0),
(631, 377, 3, 42, 0),
(632, 377, 8, 42, 0),
(633, 378, 3, 43, 0),
(634, 378, 8, 43, 0),
(635, 379, 3, 44, 0),
(636, 379, 8, 44, 0),
(637, 380, 3, 45, 0),
(638, 380, 8, 45, 0),
(639, 381, 3, 46, 0),
(640, 381, 8, 46, 0),
(641, 382, 3, 47, 0),
(642, 382, 8, 47, 0),
(643, 383, 3, 48, 0),
(644, 383, 8, 48, 0),
(645, 384, 3, 49, 0),
(646, 384, 8, 49, 0),
(647, 385, 3, 50, 0),
(648, 385, 8, 50, 0),
(649, 386, 3, 51, 0),
(650, 386, 8, 51, 0),
(651, 387, 3, 52, 0),
(652, 387, 8, 52, 0),
(653, 388, 3, 53, 0),
(654, 388, 8, 53, 0),
(655, 389, 3, 54, 0),
(656, 389, 8, 54, 0),
(657, 390, 3, 55, 0),
(658, 390, 8, 55, 0),
(659, 391, 3, 56, 0),
(660, 391, 8, 56, 0),
(661, 392, 3, 57, 0),
(662, 392, 8, 57, 0),
(663, 393, 3, 58, 0),
(664, 393, 8, 58, 0),
(665, 394, 3, 59, 0),
(666, 394, 8, 59, 0),
(667, 395, 3, 60, 0),
(668, 395, 8, 60, 0),
(669, 396, 3, 61, 0),
(670, 396, 8, 61, 0),
(671, 397, 3, 62, 0),
(672, 397, 8, 62, 0),
(673, 398, 3, 63, 0),
(674, 398, 8, 63, 0),
(675, 399, 3, 64, 0),
(676, 399, 8, 64, 0),
(677, 400, 3, 65, 0),
(678, 400, 8, 65, 0),
(679, 401, 3, 66, 0),
(680, 401, 8, 66, 0),
(681, 402, 3, 67, 0),
(682, 402, 8, 67, 0),
(683, 403, 3, 68, 0),
(684, 403, 8, 68, 0),
(685, 404, 3, 69, 0),
(686, 404, 8, 69, 0),
(687, 405, 3, 70, 0),
(688, 405, 8, 70, 0),
(689, 406, 3, 71, 0),
(690, 406, 8, 71, 0),
(691, 407, 3, 72, 0),
(692, 407, 8, 72, 0),
(693, 408, 3, 73, 0),
(694, 408, 8, 73, 0),
(695, 409, 3, 74, 0),
(696, 409, 8, 74, 0),
(697, 410, 3, 75, 0),
(698, 410, 8, 75, 0),
(699, 411, 3, 76, 0),
(700, 411, 8, 76, 0),
(701, 412, 3, 77, 0),
(702, 412, 8, 77, 0),
(703, 413, 3, 78, 0),
(704, 413, 8, 78, 0),
(705, 414, 3, 79, 0),
(706, 414, 8, 79, 0),
(707, 415, 3, 80, 0),
(708, 415, 8, 80, 0),
(709, 416, 3, 81, 0),
(710, 416, 8, 81, 0),
(711, 417, 3, 82, 0),
(712, 417, 8, 82, 0),
(713, 418, 3, 83, 0),
(714, 418, 8, 83, 0),
(715, 419, 3, 84, 0),
(716, 419, 8, 84, 0),
(717, 420, 3, 85, 0),
(718, 420, 8, 85, 0),
(719, 421, 3, 86, 0),
(720, 421, 8, 86, 0),
(721, 422, 3, 87, 0),
(722, 422, 8, 87, 0),
(723, 423, 3, 88, 0),
(724, 423, 8, 88, 0),
(725, 424, 3, 89, 0),
(726, 424, 8, 89, 0),
(727, 425, 3, 90, 0),
(728, 425, 8, 90, 0),
(729, 426, 3, 91, 0),
(730, 426, 8, 91, 0),
(731, 427, 3, 92, 0),
(732, 427, 8, 92, 0),
(733, 428, 3, 93, 0),
(734, 428, 8, 93, 0),
(735, 429, 3, 94, 0),
(736, 429, 8, 94, 0),
(737, 430, 3, 95, 0),
(738, 430, 8, 95, 0),
(739, 431, 3, 96, 0),
(740, 431, 8, 96, 0),
(741, 432, 3, 97, 0),
(742, 432, 8, 97, 0),
(743, 433, 3, 98, 0),
(744, 433, 8, 98, 0),
(745, 434, 3, 99, 0),
(746, 434, 8, 99, 0),
(747, 435, 3, 100, 0),
(748, 435, 8, 100, 0),
(749, 436, 8, 0, 0),
(750, 437, 8, 0, 0),
(751, 438, 3, 0, 3),
(752, 438, 4, 2, -1),
(753, 438, 8, 2, 2),
(754, 439, 3, 0, 2),
(755, 439, 8, 0, 2),
(756, 440, 2, 0, 1),
(757, 440, 8, 0, 1),
(758, 441, 8, 0, 0),
(759, 442, 8, 0, 0),
(760, 443, 8, 0, 0),
(761, 444, 8, 0, 0),
(762, 445, 3, 1, 0),
(763, 445, 8, 1, 0),
(764, 446, 8, 0, 0),
(765, 447, 3, 0, 1),
(766, 447, 8, 0, 1),
(767, 448, 3, 2, 1),
(768, 448, 4, 1, 1),
(769, 448, 8, 3, 2),
(770, 449, 8, 0, 0),
(771, 450, 3, 0, 2),
(772, 450, 8, 0, 2),
(773, 451, 8, 0, 0),
(774, 452, 8, 0, 0),
(775, 453, 4, 1, 0),
(776, 453, 8, 1, 0),
(777, 454, 2, 1, 2),
(778, 454, 3, 1, 1),
(779, 454, 4, 2, 0),
(780, 454, 8, 4, 3),
(781, 455, 3, 0, 2),
(782, 455, 8, 0, 2),
(783, 456, 8, 0, 0),
(784, 457, 2, 0, 1),
(785, 457, 4, 1, 0),
(786, 457, 8, 1, 1),
(787, 458, 8, 0, 0),
(788, 459, 3, 0, 1),
(789, 459, 8, 0, 1),
(790, 460, 3, 0, 1),
(791, 460, 8, 0, 1),
(792, 461, 3, 1, 0),
(793, 461, 8, 1, 0),
(794, 462, 2, 0, 1),
(795, 462, 8, 0, 1),
(796, 463, 8, 0, 0),
(797, 464, 8, 0, 0),
(798, 465, 8, 0, 0),
(799, 466, 3, 0, 1),
(800, 466, 8, 0, 1),
(801, 467, 8, 0, 0),
(802, 468, 8, 0, 0),
(803, 469, 4, 1, 0),
(804, 469, 8, 1, 0),
(805, 470, 2, 0, 1),
(806, 470, 8, 0, 1),
(807, 471, 8, 0, 0),
(808, 472, 8, 0, 0),
(809, 473, 8, 0, 0),
(810, 474, 8, 0, 0),
(811, 475, 3, 0, 1),
(812, 475, 8, 0, 1),
(813, 476, 8, 0, 0),
(814, 477, 3, 1, 1),
(815, 477, 8, 1, 1),
(816, 478, 8, 0, 0),
(817, 479, 8, 0, 0),
(818, 480, 8, 0, 0),
(819, 481, 8, 0, 0),
(820, 482, 8, 0, 0),
(821, 483, 8, 0, 0),
(822, 484, 8, 0, 0),
(823, 485, 8, 0, 0),
(824, 486, 3, 2, -1),
(825, 486, 8, 2, -1),
(826, 487, 3, 1, 0),
(827, 487, 4, 1, 0),
(828, 487, 8, 2, 0),
(829, 488, 8, 0, 0),
(830, 489, 8, 0, 0),
(831, 490, 8, 0, 0),
(832, 491, 8, 0, 0),
(833, 492, 3, 0, 1),
(834, 492, 8, 0, 1),
(835, 493, 3, 0, 1),
(836, 493, 8, 0, 1),
(837, 494, 3, 0, 1),
(838, 494, 8, 0, 1),
(839, 495, 8, 0, 0),
(840, 496, 8, 0, 0),
(841, 497, 8, 0, 0),
(842, 498, 8, 0, 0),
(843, 499, 8, 0, 0),
(844, 500, 4, 1, 0),
(845, 500, 8, 1, 0),
(846, 501, 3, 0, 1),
(847, 501, 8, 0, 1),
(848, 502, 2, 0, 1),
(849, 502, 3, 0, 1),
(850, 502, 8, 0, 2),
(851, 503, 8, 0, 0),
(852, 504, 8, 0, 0),
(853, 505, 8, 0, 0),
(854, 506, 8, 0, 0),
(855, 507, 3, 0, 1),
(856, 507, 4, 1, 0),
(857, 507, 8, 1, 1),
(858, 508, 8, 0, 0),
(859, 509, 2, 0, 1),
(860, 509, 3, 1, 0),
(861, 509, 4, 0, 1),
(862, 509, 8, 1, 2),
(863, 510, 8, 0, 0),
(864, 511, 3, 0, 1),
(865, 511, 8, 0, 1),
(866, 512, 8, 0, 0),
(867, 513, 2, 0, 1),
(868, 513, 8, 0, 1),
(869, 514, 3, 0, 1),
(870, 514, 8, 0, 1),
(871, 515, 2, 0, 1),
(872, 515, 8, 0, 1),
(873, 516, 2, 0, 1),
(874, 516, 8, 0, 1),
(875, 517, 8, 0, 0),
(876, 518, 8, 0, 0),
(877, 519, 3, 0, 1),
(878, 519, 8, 0, 1),
(879, 520, 8, 0, 0),
(880, 521, 8, 0, 0),
(881, 522, 3, 0, 2),
(882, 522, 8, 0, 2),
(883, 523, 8, 0, 0),
(884, 524, 3, 0, 1),
(885, 524, 8, 0, 1),
(886, 525, 3, 1, 0),
(887, 525, 8, 1, 0),
(888, 526, 3, 0, 1),
(889, 526, 8, 0, 1),
(890, 527, 8, 0, 0),
(891, 528, 8, 0, 0),
(892, 529, 8, 0, 0),
(893, 530, 8, 0, 0),
(894, 531, 8, 0, 0),
(895, 532, 8, 0, 0),
(896, 533, 3, 0, 1),
(897, 533, 8, 0, 1),
(898, 534, 8, 0, 0),
(899, 535, 8, 0, 0),
(900, 536, 3, 3, 0),
(901, 536, 4, 1, 0),
(902, 536, 8, 4, 0),
(903, 537, 3, 6, 0),
(904, 537, 4, 2, 0),
(905, 537, 8, 8, 0),
(906, 538, 3, 9, 0),
(907, 538, 4, 3, 0),
(908, 538, 8, 12, 0),
(909, 539, 3, 12, 0),
(910, 539, 4, 4, 0),
(911, 539, 8, 16, 0),
(912, 540, 3, 15, 0),
(913, 540, 4, 5, 0),
(914, 540, 8, 20, 0),
(915, 541, 3, 18, 0),
(916, 541, 4, 6, 0),
(917, 541, 8, 24, 0),
(918, 542, 3, 21, 0),
(919, 542, 4, 7, 0),
(920, 542, 8, 28, 0),
(921, 543, 3, 24, 0),
(922, 543, 4, 8, 0),
(923, 543, 8, 32, 0),
(924, 544, 3, 27, 0),
(925, 544, 4, 9, 0),
(926, 544, 8, 36, 0),
(927, 545, 3, 30, 0),
(928, 545, 4, 10, 0),
(929, 545, 8, 40, 0),
(930, 546, 3, 33, 0),
(931, 546, 4, 11, 0),
(932, 546, 8, 44, 0),
(933, 547, 3, 36, 0),
(934, 547, 4, 12, 0),
(935, 547, 8, 48, 0),
(936, 548, 3, 39, 0),
(937, 548, 4, 13, 0),
(938, 548, 8, 52, 0),
(939, 549, 3, 42, 0),
(940, 549, 4, 14, 0),
(941, 549, 8, 56, 0),
(942, 550, 3, 45, 0),
(943, 550, 4, 15, 0),
(944, 550, 8, 60, 0),
(945, 551, 3, 48, 0),
(946, 551, 4, 16, 0),
(947, 551, 8, 64, 0),
(948, 552, 3, 51, 0),
(949, 552, 4, 17, 0),
(950, 552, 8, 68, 0),
(951, 553, 3, 54, 0),
(952, 553, 4, 18, 0),
(953, 553, 8, 72, 0),
(954, 554, 3, 57, 0),
(955, 554, 4, 19, 0),
(956, 554, 8, 76, 0),
(957, 555, 3, 60, 0),
(958, 555, 4, 20, 0),
(959, 555, 8, 80, 0),
(960, 556, 3, 63, 0),
(961, 556, 4, 21, 0),
(962, 556, 8, 84, 0),
(963, 560, 3, 3, 0),
(964, 560, 4, 1, 0),
(965, 560, 8, 4, 0),
(966, 561, 3, 6, 0),
(967, 561, 4, 2, 0),
(968, 561, 8, 8, 0),
(969, 562, 3, 9, 0),
(970, 562, 4, 3, 0),
(971, 562, 8, 12, 0),
(972, 564, 3, 3, 0),
(973, 564, 4, 1, 0),
(974, 564, 8, 4, 0),
(975, 565, 3, 6, 0),
(976, 565, 4, 2, 0),
(977, 565, 8, 8, 0),
(978, 566, 3, 9, 0),
(979, 566, 4, 3, 0),
(980, 566, 8, 12, 0),
(981, 567, 3, 12, 0),
(982, 567, 4, 4, 0),
(983, 567, 8, 16, 0),
(984, 569, 3, 3, 0),
(985, 569, 4, 1, 0),
(986, 569, 8, 4, 0),
(987, 570, 3, 6, 0),
(988, 570, 4, 2, 0),
(989, 570, 8, 8, 0),
(990, 571, 3, 9, 0),
(991, 571, 4, 3, 0),
(992, 571, 8, 12, 0),
(993, 572, 3, 12, 0),
(994, 572, 4, 4, 0),
(995, 572, 8, 16, 0),
(996, 574, 3, 3, 0),
(997, 574, 4, 1, 0),
(998, 574, 8, 4, 0),
(999, 575, 3, 6, 0),
(1000, 575, 4, 2, 0),
(1001, 575, 8, 8, 0),
(1002, 576, 3, 9, 0),
(1003, 576, 4, 3, 0),
(1004, 576, 8, 12, 0),
(1005, 577, 3, 12, 0),
(1006, 577, 4, 4, 0),
(1007, 577, 8, 16, 0),
(1008, 578, 3, 15, 0),
(1009, 578, 4, 5, 0),
(1010, 578, 8, 20, 0);

-- --------------------------------------------------------

--
-- Table structure for table `post_data`
--

CREATE TABLE IF NOT EXISTS `post_data` (
  `id` bigint(20) NOT NULL AUTO_INCREMENT,
  `friend` bigint(20) DEFAULT NULL,
  `category` bigint(20) DEFAULT NULL,
  `post_id` varchar(100) DEFAULT NULL,
  `seen` tinyint(1) DEFAULT NULL,
  `from_id` varchar(64) DEFAULT NULL,
  `from_name` varchar(200) DEFAULT NULL,
  `story` text,
  `link` varchar(400) DEFAULT NULL,
  `picture` varchar(400) DEFAULT NULL,
  `source` varchar(400) DEFAULT NULL,
  `name` text,
  `description` text,
  `message` text,
  `user` bigint(20) DEFAULT NULL,
  `created_time` datetime DEFAULT NULL,
  PRIMARY KEY (`id`),
  KEY `friend` (`friend`,`category`,`from_id`),
  KEY `user` (`user`),
  KEY `category` (`category`),
  KEY `post_id` (`post_id`,`seen`),
  KEY `created_time` (`created_time`)
) ENGINE=InnoDB  DEFAULT CHARSET=utf8 AUTO_INCREMENT=129 ;

--
-- Dumping data for table `post_data`
--

INSERT INTO `post_data` (`id`, `friend`, `category`, `post_id`, `seen`, `from_id`, `from_name`, `story`, `link`, `picture`, `source`, `name`, `description`, `message`, `user`, `created_time`) VALUES
(1, 338, NULL, '3223232_10101989228821323', 1, '3223232', 'Zohreh Zoe G', 'Zohreh Zoe G was tagged in Goli Mir''s photo.', 'https://www.facebook.com/photo.php?fbid=10201840904935412&set=at.10201840904855410.1073741827.1566418195.3223232&type=1&relevant_count=1', 'https://photos-a.xx.fbcdn.net/hphotos-prn1/524324_10201840904935412_489039778_s.jpg', NULL, NULL, 'This..Is..Great!!', NULL, 13, NULL),
(2, 338, NULL, '3223232_10101988877924523', NULL, '3223232', 'Zohreh Zoe G', '"Mamnoon Mona joonam, kheili..." on Mona Az''s post on Zohreh Zoe G''s wall.', NULL, NULL, NULL, NULL, NULL, NULL, 13, NULL),
(3, 338, NULL, '3223232_10101987556193283', 1, '3223232', 'Zohreh Zoe G', 'Zohreh Zoe G posted a link to Ali Golshani''s timeline.', NULL, NULL, NULL, NULL, NULL, NULL, 13, NULL),
(4, 338, NULL, '3223232_10101986802353983', NULL, '3223232', 'Zohreh Zoe G', '"Happy Birthday :)" on Pourya Karbasion''s timeline.', NULL, NULL, NULL, NULL, NULL, NULL, 13, NULL),
(5, 339, NULL, '21003982_10100680511177151', NULL, '21003982', 'Mohammad Ali Safari', 'Mohammad Ali Safari and Reza Sani are now friends.', NULL, NULL, NULL, NULL, NULL, NULL, 13, NULL),
(6, 339, NULL, '21003982_10100679893609761', NULL, '21003982', 'Mohammad Ali Safari', 'Mohammad Ali Safari likes ‎Shahrzad شهرزاد‎ and 3 other Pages.', NULL, NULL, NULL, NULL, NULL, NULL, 13, NULL),
(7, 340, NULL, '510997224_10151720700752225', NULL, '510997224', 'Saba Aflaki', 'Saba Aflaki is now friends with Manpreet Singh and 2 other people.', 'https://www.facebook.com/manpreet.singh.7355?fref=nf_fr', 'https://fbcdn-profile-a.akamaihd.net/hprofile-ak-ash4/623456_1256490995_593603731_q.jpg', NULL, NULL, NULL, NULL, 13, NULL),
(8, 345, NULL, '522143610_10151635711408611', 1, '522143610', 'Gholamreza Esfandani', 'Gholamreza Esfandani was at Frankfurt Airport.', NULL, NULL, NULL, NULL, NULL, NULL, 13, NULL),
(9, 347, NULL, '522494269_10151650307804270', NULL, '522494269', 'Afra Abnar', '"@Afsaneh Taghadosi: be harfe..." on Mohsen Taghaddosi''s photo.', NULL, NULL, NULL, NULL, NULL, NULL, 13, NULL),
(10, 348, NULL, '522563219_10151631833068220', NULL, '522563219', 'Amin Fazli', '"kheili mamnoon. ma ham khoobim..." on his own post on Parnian Alimi''s wall.', NULL, NULL, NULL, NULL, NULL, NULL, 13, NULL),
(11, 348, NULL, '522563219_10151631755453220', NULL, '522563219', 'Amin Fazli', '"salam. khoobi? :)\n" on Parnian Alimi''s timeline.', NULL, NULL, NULL, NULL, NULL, NULL, 13, NULL),
(12, 348, NULL, '522563219_10151630199833220', NULL, '522563219', 'Amin Fazli', 'Amin Fazli shared ‎غلط نامه کدخدا‎''s photo.', 'https://www.facebook.com/photo.php?fbid=605339436183667&set=a.214760265241588.70175.178335535550728&type=1', 'https://photos-b.xx.fbcdn.net/hphotos-ash3/553985_605339436183667_365383639_s.jpg', NULL, 'Timeline Photos', 'وال', NULL, 13, NULL),
(13, 348, NULL, '522563219_10151629755868220', NULL, '522563219', 'Amin Fazli', '"‎خیلی خیلی خیلی خیلی خیلی موفق باشی عزیز :) خیلی خیلی خیلی خیلی مواظب خودتون باشین‎" on Mehrdad Farajtabar''s timeline.', NULL, NULL, NULL, NULL, NULL, NULL, 13, NULL),
(14, 348, NULL, '522563219_10151629442313220', 1, '522563219', 'Amin Fazli', 'Amin Fazli shared ‎کاریکاتورها‎''s photo.', 'https://www.facebook.com/photo.php?fbid=483325978425814&set=a.148850655206683.33000.148843731874042&type=1', 'https://fbcdn-photos-c-a.akamaihd.net/hphotos-ak-ash3/944754_483325978425814_646074553_s.jpg', NULL, 'Timeline Photos', NULL, ':)))\n', 13, NULL),
(15, 350, NULL, '542988476_10151603959368477', NULL, '542988476', 'Kellie Warren Penn', '"Psst...Just wanted to say that I think your work is Ah-mazing!!!!!  I constantly ooh and ahh when your photos appear in my feed!" on Zipporah Kapambwe''s timeline.', NULL, NULL, NULL, NULL, NULL, NULL, 13, NULL),
(16, 350, NULL, '542988476_10151603812093477', NULL, '542988476', 'Kellie Warren Penn', 'Kellie Warren Penn and Stacy Benefield are now friends.', NULL, NULL, NULL, NULL, NULL, NULL, 13, NULL),
(17, 353, NULL, '546383935_10151733994858936', 1, '546383935', 'Narsis Agbgi', 'Narsis Agbgi shared Shabanali''s photo.', 'https://www.facebook.com/photo.php?fbid=582230028494308&set=a.456454434405202.119147.456451577738821&type=1', 'https://fbcdn-photos-g-a.akamaihd.net/hphotos-ak-ash4/1000450_582230028494308_822687050_s.jpg', NULL, 'Timeline Photos', NULL, 'همه چیزمان با همه چیزمان جور است...', 13, NULL),
(18, 354, NULL, '549356273_10151562951046274', 1, '549356273', 'Sima Azimipoor', 'Sima Azimipoor changed her profile picture.', 'https://www.facebook.com/photo.php?fbid=10151562950696274&set=a.435835546273.212285.549356273&type=1&relevant_count=1', 'https://photos-b.xx.fbcdn.net/hphotos-frc3/1098488_10151562950696274_690017379_s.jpg', NULL, NULL, NULL, NULL, 13, NULL),
(19, 354, NULL, '549356273_10151562945506274', NULL, '549356273', 'Sima Azimipoor', 'Sima Azimipoor likes ‎کمپین مخالفت با رحمانی فضلی برای وزارت کشور‎.', 'https://www.facebook.com/pages/%DA%A9%D9%85%D9%BE%DB%8C%D9%86-%D9%85%D8%AE%D8%A7%D9%84%D9%81%D8%AA-%D8%A8%D8%A7-%D8%B1%D8%AD%D9%85%D8%A7%D9%86%DB%8C-%D9%81%D8%B6%D9%84%DB%8C-%D8%A8%D8%B1%D8%A7%DB%8C-%D9%88%D8%B2%D8%A7%D8%B1%D8%AA-%DA%A9%D8%B4%D9%88%D8%B1/183717315132406?ref=stream', 'https://profile-a.xx.fbcdn.net/hprofile-prn1/211046_183717315132406_1181323525_q.jpg', NULL, NULL, NULL, NULL, 13, NULL),
(20, 354, NULL, '549356273_10151562943796274', 1, '549356273', 'Sima Azimipoor', NULL, 'http://www.chamrannews.com/component/k2/item/37593-منتفی-شدن-وزارت-کشوری-رحمانی-فضلی،-آخرین-فهرست-کابینه.html', 'https://fbexternal-a.akamaihd.net/safe_image.php?d=AQDakAFsfPRFuILm&w=154&h=154&url=http%3A%2F%2Fwww.etedaal.ir%2Fpooyasoftpublisher%2Fstorage%2FImages%2F20130801053103cb-%25D8%25B1%25D8%25AD%25D9%2585%25D8%25A7%25D9%2586%25DB%258C%2520%25D9%2581%25D8%25B6%25D9%2584%25DB%258C.jpg', NULL, 'منتفی شدن وزارت کشوری رحمانی فضلی، آخرین فهرست کابینه', 'روز گذشته پس از سپری شدن چند روز از طرح نام رحمانی فضلی رئیس دیوان محاسبات به عنوان یکی از گزینه های احتمالی کسب وزارت کشور، برخی از منابع نزدیک به رئ...', 'بنابر گزارش های دریافتی خبرنگار ما، پس از آنکه نام رحمانی فضلی به عنوان گزینه پیشنهادی وزارت کشور مطرح شد مخالفت های شدیدی از سوی حامیان و نزدیکان روحانی ابراز شد تا جایی که برخی از حامیان پرنفوذ حجت الاسلام روحانی در جلسه ای خواستار تجدید نظر در رویه انتخاب برخی از وزرا شدند.\nدر پی تغییراتی که در لیست پیشنهادی صورت گرفته است، علاوه بر اینکه هنوز بین محمد شریعتمداری و علی یونسی برای معرفی وزیر کشور تردید وجود دارد، با اضافه شدن رحمانی فضلی به گزینه های احتمالی معاونت پارلمانی هم اکنون سه گزینه برای تصدی معاونت پارلمانی دولت یازدهم مطرح هستند که عبارتند از ؛ حجت الاسلام تیمور علی عسگری، دکتر محمدباقر نوبخت و دکتر رحمانی فضلی.\n', 13, NULL),
(21, 354, NULL, '549356273_10151561542346274', 1, '549356273', 'Sima Azimipoor', NULL, NULL, NULL, NULL, NULL, NULL, 'خدایا! (تُن صدای بغض آلود با چاشنی آه و ناله)\nبه حق این شب عزیز! (گریه حضار)\n یه جوری این پایان نامه بیصّاحاب رو ببند! \n\n( فریاد جمع) : الهی آمین', 13, NULL),
(22, 354, NULL, '549356273_10151561515186274', 1, '549356273', 'Sima Azimipoor', 'Sima Azimipoor shared Sepideh Banoo''s photo.', 'https://www.facebook.com/photo.php?fbid=10151499623541790&set=o.174779759254213&type=1', 'https://fbcdn-photos-c-a.akamaihd.net/hphotos-ak-frc1/995146_10151499623541790_1270311399_s.jpg', NULL, 'Photos of ‎آموزش محیط زیست‎', NULL, NULL, 13, NULL),
(23, 354, NULL, '549356273_10151560672726274', NULL, '549356273', 'Sima Azimipoor', 'Sima Azimipoor likes AAA Family.', 'https://www.facebook.com/aaafamilychannel?ref=stream', 'https://fbcdn-profile-a.akamaihd.net/hprofile-ak-ash4/373313_310838889038625_1124856379_q.jpg', NULL, NULL, NULL, NULL, 13, NULL),
(24, 354, NULL, '549356273_10151560616246274', NULL, '549356273', 'Sima Azimipoor', '"‎این یه قطعه کامله؟ بهش میاد...‎" on Ali Samadpour''s post.', NULL, NULL, NULL, NULL, NULL, NULL, 13, NULL),
(25, 355, NULL, '556452825_10151548538842826', NULL, '556452825', 'روشنک وصالی', '‎روشنک وصالی‎ likes Trust Me, I''m an "Engineer" and ‎alireza ghorbani علیرضا قربانی‎.', NULL, NULL, NULL, NULL, NULL, NULL, 13, NULL),
(26, 355, NULL, '556452825_10151548009302826', NULL, '556452825', 'روشنک وصالی', '‎روشنک وصالی‎ is now friends with Ehsan Vzn and AZ AR.', NULL, NULL, NULL, NULL, NULL, NULL, 13, NULL),
(27, 357, NULL, '566619443_10151754902894444', 1, '566619443', 'Hoda Ehsan', 'Hoda Ehsan shared ‎کودک درون‎''s photo.', 'https://www.facebook.com/photo.php?fbid=338746766255899&set=a.200982986698945.47297.198678620262715&type=1', 'https://fbcdn-photos-e-a.akamaihd.net/hphotos-ak-ash3/946313_338746766255899_1750970105_s.jpg', NULL, 'Timeline Photos', NULL, 'ﺑﻠﻪ ! ﻏﺼﻪ ﻧﺨﻮﺭﯾﻢ !', 13, NULL),
(28, 357, NULL, '566619443_10151754261079444', NULL, '566619443', 'Hoda Ehsan', 'Hoda Ehsan likes AMIR TATALOO.', 'https://www.facebook.com/amirtataloof?ref=stream', 'https://fbcdn-profile-a.akamaihd.net/hprofile-ak-ash2/1086573_137389836271485_358116774_q.jpg', NULL, NULL, NULL, NULL, 13, NULL),
(29, 359, NULL, '576111763_10151744815051764', NULL, '576111763', 'Anahita Moaddab', 'Anahita Moaddab and Neusha Newton are now friends.', NULL, NULL, NULL, NULL, NULL, NULL, 13, NULL),
(30, 360, NULL, '598596461_10151737185006462', NULL, '598596461', 'Maliheh Mnz', 'Maliheh Mnz likes a photo.', NULL, NULL, NULL, NULL, NULL, NULL, 13, NULL),
(31, 362, NULL, '605235497_10151762140165498', NULL, '605235497', 'Pooja Jain', 'Pooja Jain likes FB Store.', 'https://www.facebook.com/storeathq?ref=stream', 'https://fbcdn-profile-a.akamaihd.net/hprofile-ak-ash3/71119_327576170683228_2097204286_q.jpg', NULL, NULL, NULL, NULL, 13, NULL),
(32, 366, NULL, '633438706_10151810492078707', NULL, '633438706', 'Zahra Jalili', 'Zahra Jalili and Mohad Keshavarz are now friends.', NULL, NULL, NULL, NULL, NULL, NULL, 13, NULL),
(33, 370, NULL, '659253293_10152073938338294', NULL, '659253293', 'Behnam Tavakoli', 'Behnam Tavakoli likes Maktabkhooneh.', 'https://www.facebook.com/maktabkhooneh?ref=stream', 'https://fbcdn-profile-a.akamaihd.net/hprofile-ak-ash4/373027_258915294143235_100999693_q.jpg', NULL, NULL, NULL, NULL, 13, NULL),
(34, 375, NULL, '680950583_10153091226315584', NULL, '680950583', 'Maryam Booshehrian', 'Maryam Booshehrian and Elaheh Shakeri are now friends.', NULL, NULL, NULL, NULL, NULL, NULL, 13, NULL),
(35, 377, NULL, '693872358_10151798235082359', NULL, '693872358', 'Salehe Ghasempur', 'Salehe Ghasempur and Hoda Nkh are now friends.', NULL, NULL, NULL, NULL, NULL, NULL, 13, NULL),
(36, 377, NULL, '693872358_10151797390847359', NULL, '693872358', 'Salehe Ghasempur', '"Tavalodet mobarakk zozo tala :*" on Zohreh Zoe G''s timeline.', NULL, NULL, NULL, NULL, NULL, NULL, 13, NULL),
(37, 386, NULL, '768484159_10151618696869160', NULL, '768484159', 'Parisa Kaghazgaran', 'Parisa Kaghazgaran and Yousef Moradi are now friends.', NULL, NULL, NULL, NULL, NULL, NULL, 13, NULL),
(38, 387, NULL, '770173881_10151592476238882', 1, '770173881', 'Monire Montazeri', NULL, NULL, NULL, NULL, NULL, NULL, 'کنکوریا چه کردین؟', 13, NULL),
(39, 392, NULL, '1016088729_10200974334613352', NULL, '1016088729', 'Fatima Kamali', '"‎این فراز دعای جوشن خیییییلییی...‎" on Mohsen Taghaddosi''s status.', NULL, NULL, NULL, NULL, NULL, NULL, 13, NULL),
(40, 393, NULL, '1019613315_10201056379424539', NULL, '1019613315', 'Marzieh Razavi', 'Marzieh Razavi and Asma Ghandeharioun are now friends.', NULL, NULL, NULL, NULL, NULL, NULL, 13, NULL),
(41, 394, NULL, '1027344584_10200749326428663', NULL, '1027344584', 'Marjan Ghazvini Nejad', '"‎Amirhossein Aleyasin الدی...‎" on Mehrdad Farajtabar''s photo.', NULL, NULL, NULL, NULL, NULL, NULL, 13, NULL),
(42, 402, NULL, '1059115259_10200866156710406', NULL, '1059115259', 'Nafise Syd', '"‎تولدت مبارک ای احسان ای مسعود...صدات گرم و سرت خوش باشه...‎" on Ehsan Masoud''s timeline.', NULL, NULL, NULL, NULL, NULL, NULL, 13, NULL),
(43, 402, NULL, '1059115259_10200859202416553', NULL, '1059115259', 'Nafise Syd', 'Nafise Syd likes Bagh-e Tafarroj.', 'https://www.facebook.com/pages/Bagh-e-Tafarroj/145268542234485?ref=stream', 'https://fbcdn-profile-a.akamaihd.net/hprofile-ak-ash2/276645_145268542234485_1422173213_q.jpg', NULL, NULL, NULL, NULL, 13, NULL),
(44, 407, NULL, '1080420483_10200762348595979', 1, '1080420483', 'Amir Shaikhha', 'Amir Shaikhha shared ‎غلط نامه کدخدا‎''s photo.', 'https://www.facebook.com/photo.php?fbid=605803552803922&set=a.214760265241588.70175.178335535550728&type=1', 'https://photos-a.xx.fbcdn.net/hphotos-ash4/999839_605803552803922_2032954011_s.jpg', NULL, 'Timeline Photos', 'وال', ':))', 13, NULL),
(45, 407, NULL, '1080420483_10200756080679285', NULL, '1080420483', 'Amir Shaikhha', 'Amir Shaikhha and Salman Soleimani are now friends.', NULL, NULL, NULL, NULL, NULL, NULL, 13, NULL),
(46, 409, NULL, '1105121057_10201127165036985', NULL, '1105121057', 'Amirhossein Aleyasin', 'Amirhossein Aleyasin shared Shabanali''s photo.', 'https://www.facebook.com/photo.php?fbid=582230028494308&set=a.456454434405202.119147.456451577738821&type=1', 'https://fbcdn-photos-g-a.akamaihd.net/hphotos-ak-ash4/1000450_582230028494308_822687050_s.jpg', NULL, 'Timeline Photos', NULL, 'روح های پاک، جیب های پوچ و مغزهای ...\n', 13, NULL),
(47, 409, NULL, '1105121057_10201127073714702', NULL, '1105121057', 'Amirhossein Aleyasin', 'Amirhossein Aleyasin likes Shabanali.', 'https://www.facebook.com/mrshabanali?ref=stream', 'https://profile-a.xx.fbcdn.net/hprofile-ash4/203520_456451577738821_730057694_q.jpg', NULL, NULL, NULL, NULL, 13, NULL),
(48, 409, NULL, '1105121057_10201123968077063', NULL, '1105121057', 'Amirhossein Aleyasin', '"‎ولی جدی کیسه قهوه ای ها مشکوکن! :دی‎" on Mehrdad Farajtabar''s photo.', NULL, NULL, NULL, NULL, NULL, NULL, 13, NULL),
(49, 411, NULL, '1116181673_10201356248564299', NULL, '1116181673', 'Parnian Alimi', '"Salam Amin shokr, shoma khoobin? :)" on Amin Fazli''s post on Parnian Alimi''s wall.', NULL, NULL, NULL, NULL, NULL, NULL, 13, NULL),
(50, 413, NULL, '1133850813_10201205184868390', NULL, '1133850813', 'Sharareh Alipour', 'Sharareh Alipour likes Apply Losers.', 'https://www.facebook.com/ishalasalebad?ref=stream', 'https://profile-b.xx.fbcdn.net/hprofile-ash2/1086565_485043318240442_1640980857_q.jpg', NULL, NULL, NULL, NULL, 13, NULL),
(51, 415, NULL, '1142100918_10201555358062776', NULL, '1142100918', 'Mehrnoosh Sameki', 'Mehrnoosh Sameki likes Maktabkhooneh.', 'https://www.facebook.com/maktabkhooneh?ref=stream', 'https://fbcdn-profile-a.akamaihd.net/hprofile-ak-ash4/373027_258915294143235_100999693_q.jpg', NULL, NULL, NULL, NULL, 13, NULL),
(52, 416, NULL, '1142211686_10201463322561949', NULL, '1142211686', 'LaLeh Ab', 'LaLeh Ab likes Bren Events Center.', 'https://www.facebook.com/BrenCenter?ref=stream', 'https://fbcdn-profile-a.akamaihd.net/hprofile-ak-prn1/71099_163189949104_1266687_q.jpg', NULL, NULL, NULL, NULL, 13, NULL),
(53, 419, NULL, '1144424634_10201531046535080', NULL, '1144424634', 'Erfan Zamanian', 'Erfan Zamanian likes a status.', NULL, NULL, NULL, NULL, NULL, NULL, 13, NULL),
(54, 422, NULL, '1153851746_10201282920172390', NULL, '1153851746', 'Samane Kazemi', 'Samane Kazemi likes a status.', NULL, NULL, NULL, NULL, NULL, NULL, 13, NULL),
(55, 422, NULL, '1153851746_10201281522617452', NULL, '1153851746', 'Samane Kazemi', '"Lol" on SH A GH Ayegh''s link.', NULL, NULL, NULL, NULL, NULL, NULL, 13, NULL),
(56, 424, NULL, '1157373987_10201355582389018', NULL, '1157373987', 'Alireza Ghasemi', '"‎رفت؟ :(‎" on Amin Fazli''s post on Mehrdad Farajtabar''s wall.', NULL, NULL, NULL, NULL, NULL, NULL, 13, NULL),
(57, 425, NULL, '1160391788_10201480488311688', 1, '1160391788', 'Maede Sadeghi', NULL, NULL, NULL, NULL, NULL, NULL, 'بچه ها الان خبر دار شدم پسر عمه ام فوت كرده دلاتون پاكه برا شادي روحش دعا كنين...', 13, NULL),
(58, 426, NULL, '1163003590_10201593129207727', NULL, '1163003590', 'Mehrdad Khaledi', '"Merci Payman jan, zende bashi" on Parham Khaledi''s post on Mehrdad Khaledi''s wall.', NULL, NULL, NULL, NULL, NULL, NULL, 13, NULL),
(59, 433, NULL, '1180840711_10201530703647722', NULL, '1180840711', 'Meysam Aghighi', 'Meysam Aghighi likes a photo.', NULL, NULL, NULL, NULL, NULL, NULL, 13, NULL),
(60, 438, NULL, '3223232_10101989228821323', NULL, '3223232', 'Zohreh Zoe G', 'Zohreh Zoe G was tagged in Goli Mir''s photo.', 'https://www.facebook.com/photo.php?fbid=10201840904935412&set=at.10201840904855410.1073741827.1566418195.3223232&type=1&relevant_count=1', 'https://photos-a.xx.fbcdn.net/hphotos-prn1/524324_10201840904935412_489039778_s.jpg', NULL, NULL, 'This..Is..Great!!', NULL, 14, NULL),
(61, 438, NULL, '3223232_10101988877924523', NULL, '3223232', 'Zohreh Zoe G', '"Mamnoon Mona joonam, kheili..." on Mona Az''s post on Zohreh Zoe G''s wall.', NULL, NULL, NULL, NULL, NULL, NULL, 14, NULL),
(62, 438, NULL, '3223232_10101987556193283', NULL, '3223232', 'Zohreh Zoe G', 'Zohreh Zoe G posted a link to Ali Golshani''s timeline.', NULL, NULL, NULL, NULL, NULL, NULL, 14, NULL),
(63, 438, NULL, '3223232_10101986802353983', NULL, '3223232', 'Zohreh Zoe G', '"Happy Birthday :)" on Pourya Karbasion''s timeline.', NULL, NULL, NULL, NULL, NULL, NULL, 14, NULL),
(64, 439, NULL, '21003982_10100680511177151', NULL, '21003982', 'Mohammad Ali Safari', 'Mohammad Ali Safari and Reza Sani are now friends.', NULL, NULL, NULL, NULL, NULL, NULL, 14, NULL),
(65, 439, NULL, '21003982_10100679893609761', NULL, '21003982', 'Mohammad Ali Safari', 'Mohammad Ali Safari likes ‎Shahrzad شهرزاد‎ and 3 other Pages.', NULL, NULL, NULL, NULL, NULL, NULL, 14, NULL),
(66, 440, NULL, '510997224_10151720700752225', NULL, '510997224', 'Saba Aflaki', 'Saba Aflaki is now friends with Manpreet Singh and 2 other people.', 'https://www.facebook.com/manpreet.singh.7355?fref=nf_fr', 'https://fbcdn-profile-a.akamaihd.net/hprofile-ak-ash4/623456_1256490995_593603731_q.jpg', NULL, NULL, NULL, NULL, 14, NULL),
(67, 445, NULL, '522143610_10151635711408611', NULL, '522143610', 'Gholamreza Esfandani', 'Gholamreza Esfandani was at Frankfurt Airport.', NULL, NULL, NULL, NULL, NULL, NULL, 14, NULL),
(68, 447, NULL, '522494269_10151650307804270', NULL, '522494269', 'Afra Abnar', '"@Afsaneh Taghadosi: be harfe..." on Mohsen Taghaddosi''s photo.', NULL, NULL, NULL, NULL, NULL, NULL, 14, NULL),
(69, 448, NULL, '522563219_10151631833068220', NULL, '522563219', 'Amin Fazli', '"kheili mamnoon. ma ham khoobim..." on his own post on Parnian Alimi''s wall.', NULL, NULL, NULL, NULL, NULL, NULL, 14, NULL),
(70, 448, NULL, '522563219_10151631755453220', NULL, '522563219', 'Amin Fazli', '"salam. khoobi? :)\n" on Parnian Alimi''s timeline.', NULL, NULL, NULL, NULL, NULL, NULL, 14, NULL),
(71, 448, NULL, '522563219_10151630199833220', NULL, '522563219', 'Amin Fazli', 'Amin Fazli shared ‎غلط نامه کدخدا‎''s photo.', 'https://www.facebook.com/photo.php?fbid=605339436183667&set=a.214760265241588.70175.178335535550728&type=1', 'https://photos-b.xx.fbcdn.net/hphotos-ash3/553985_605339436183667_365383639_s.jpg', NULL, 'Timeline Photos', 'وال', NULL, 14, NULL),
(72, 448, NULL, '522563219_10151629755868220', NULL, '522563219', 'Amin Fazli', '"‎خیلی خیلی خیلی خیلی خیلی موفق باشی عزیز :) خیلی خیلی خیلی خیلی مواظب خودتون باشین‎" on Mehrdad Farajtabar''s timeline.', NULL, NULL, NULL, NULL, NULL, NULL, 14, NULL),
(73, 448, NULL, '522563219_10151629442313220', NULL, '522563219', 'Amin Fazli', 'Amin Fazli shared ‎کاریکاتورها‎''s photo.', 'https://www.facebook.com/photo.php?fbid=483325978425814&set=a.148850655206683.33000.148843731874042&type=1', 'https://fbcdn-photos-c-a.akamaihd.net/hphotos-ak-ash3/944754_483325978425814_646074553_s.jpg', NULL, 'Timeline Photos', NULL, ':)))\n', 14, NULL),
(74, 450, NULL, '542988476_10151603959368477', NULL, '542988476', 'Kellie Warren Penn', '"Psst...Just wanted to say that I think your work is Ah-mazing!!!!!  I constantly ooh and ahh when your photos appear in my feed!" on Zipporah Kapambwe''s timeline.', NULL, NULL, NULL, NULL, NULL, NULL, 14, NULL),
(75, 450, NULL, '542988476_10151603812093477', NULL, '542988476', 'Kellie Warren Penn', 'Kellie Warren Penn and Stacy Benefield are now friends.', NULL, NULL, NULL, NULL, NULL, NULL, 14, NULL),
(76, 453, NULL, '546383935_10151733994858936', NULL, '546383935', 'Narsis Agbgi', 'Narsis Agbgi shared Shabanali''s photo.', 'https://www.facebook.com/photo.php?fbid=582230028494308&set=a.456454434405202.119147.456451577738821&type=1', 'https://fbcdn-photos-g-a.akamaihd.net/hphotos-ak-ash4/1000450_582230028494308_822687050_s.jpg', NULL, 'Timeline Photos', NULL, 'همه چیزمان با همه چیزمان جور است...', 14, NULL),
(77, 454, NULL, '549356273_10151562951046274', NULL, '549356273', 'Sima Azimipoor', 'Sima Azimipoor changed her profile picture.', 'https://www.facebook.com/photo.php?fbid=10151562950696274&set=a.435835546273.212285.549356273&type=1&relevant_count=1', 'https://photos-b.xx.fbcdn.net/hphotos-frc3/1098488_10151562950696274_690017379_s.jpg', NULL, NULL, NULL, NULL, 14, NULL),
(78, 454, NULL, '549356273_10151562945506274', NULL, '549356273', 'Sima Azimipoor', 'Sima Azimipoor likes ‎کمپین مخالفت با رحمانی فضلی برای وزارت کشور‎.', 'https://www.facebook.com/pages/%DA%A9%D9%85%D9%BE%DB%8C%D9%86-%D9%85%D8%AE%D8%A7%D9%84%D9%81%D8%AA-%D8%A8%D8%A7-%D8%B1%D8%AD%D9%85%D8%A7%D9%86%DB%8C-%D9%81%D8%B6%D9%84%DB%8C-%D8%A8%D8%B1%D8%A7%DB%8C-%D9%88%D8%B2%D8%A7%D8%B1%D8%AA-%DA%A9%D8%B4%D9%88%D8%B1/183717315132406?ref=stream', 'https://profile-a.xx.fbcdn.net/hprofile-prn1/211046_183717315132406_1181323525_q.jpg', NULL, NULL, NULL, NULL, 14, NULL),
(79, 454, NULL, '549356273_10151562943796274', NULL, '549356273', 'Sima Azimipoor', NULL, 'http://www.chamrannews.com/component/k2/item/37593-منتفی-شدن-وزارت-کشوری-رحمانی-فضلی،-آخرین-فهرست-کابینه.html', 'https://fbexternal-a.akamaihd.net/safe_image.php?d=AQDakAFsfPRFuILm&w=154&h=154&url=http%3A%2F%2Fwww.etedaal.ir%2Fpooyasoftpublisher%2Fstorage%2FImages%2F20130801053103cb-%25D8%25B1%25D8%25AD%25D9%2585%25D8%25A7%25D9%2586%25DB%258C%2520%25D9%2581%25D8%25B6%25D9%2584%25DB%258C.jpg', NULL, 'منتفی شدن وزارت کشوری رحمانی فضلی، آخرین فهرست کابینه', 'روز گذشته پس از سپری شدن چند روز از طرح نام رحمانی فضلی رئیس دیوان محاسبات به عنوان یکی از گزینه های احتمالی کسب وزارت کشور، برخی از منابع نزدیک به رئ...', 'بنابر گزارش های دریافتی خبرنگار ما، پس از آنکه نام رحمانی فضلی به عنوان گزینه پیشنهادی وزارت کشور مطرح شد مخالفت های شدیدی از سوی حامیان و نزدیکان روحانی ابراز شد تا جایی که برخی از حامیان پرنفوذ حجت الاسلام روحانی در جلسه ای خواستار تجدید نظر در رویه انتخاب برخی از وزرا شدند.\nدر پی تغییراتی که در لیست پیشنهادی صورت گرفته است، علاوه بر اینکه هنوز بین محمد شریعتمداری و علی یونسی برای معرفی وزیر کشور تردید وجود دارد، با اضافه شدن رحمانی فضلی به گزینه های احتمالی معاونت پارلمانی هم اکنون سه گزینه برای تصدی معاونت پارلمانی دولت یازدهم مطرح هستند که عبارتند از ؛ حجت الاسلام تیمور علی عسگری، دکتر محمدباقر نوبخت و دکتر رحمانی فضلی.\n', 14, NULL),
(80, 454, NULL, '549356273_10151561542346274', NULL, '549356273', 'Sima Azimipoor', NULL, NULL, NULL, NULL, NULL, NULL, 'خدایا! (تُن صدای بغض آلود با چاشنی آه و ناله)\nبه حق این شب عزیز! (گریه حضار)\n یه جوری این پایان نامه بیصّاحاب رو ببند! \n\n( فریاد جمع) : الهی آمین', 14, NULL),
(81, 454, NULL, '549356273_10151561515186274', NULL, '549356273', 'Sima Azimipoor', 'Sima Azimipoor shared Sepideh Banoo''s photo.', 'https://www.facebook.com/photo.php?fbid=10151499623541790&set=o.174779759254213&type=1', 'https://fbcdn-photos-c-a.akamaihd.net/hphotos-ak-frc1/995146_10151499623541790_1270311399_s.jpg', NULL, 'Photos of ‎آموزش محیط زیست‎', NULL, NULL, 14, NULL),
(82, 454, NULL, '549356273_10151560672726274', NULL, '549356273', 'Sima Azimipoor', 'Sima Azimipoor likes AAA Family.', 'https://www.facebook.com/aaafamilychannel?ref=stream', 'https://fbcdn-profile-a.akamaihd.net/hprofile-ak-ash4/373313_310838889038625_1124856379_q.jpg', NULL, NULL, NULL, NULL, 14, NULL),
(83, 454, NULL, '549356273_10151560616246274', NULL, '549356273', 'Sima Azimipoor', '"‎این یه قطعه کامله؟ بهش میاد...‎" on Ali Samadpour''s post.', NULL, NULL, NULL, NULL, NULL, NULL, 14, NULL),
(84, 455, NULL, '556452825_10151548538842826', NULL, '556452825', 'روشنک وصالی', '‎روشنک وصالی‎ likes Trust Me, I''m an "Engineer" and ‎alireza ghorbani علیرضا قربانی‎.', NULL, NULL, NULL, NULL, NULL, NULL, 14, NULL),
(85, 455, NULL, '556452825_10151548009302826', NULL, '556452825', 'روشنک وصالی', '‎روشنک وصالی‎ is now friends with Ehsan Vzn and AZ AR.', NULL, NULL, NULL, NULL, NULL, NULL, 14, NULL),
(86, 457, NULL, '566619443_10151754902894444', NULL, '566619443', 'Hoda Ehsan', 'Hoda Ehsan shared ‎کودک درون‎''s photo.', 'https://www.facebook.com/photo.php?fbid=338746766255899&set=a.200982986698945.47297.198678620262715&type=1', 'https://fbcdn-photos-e-a.akamaihd.net/hphotos-ak-ash3/946313_338746766255899_1750970105_s.jpg', NULL, 'Timeline Photos', NULL, 'ﺑﻠﻪ ! ﻏﺼﻪ ﻧﺨﻮﺭﯾﻢ !', 14, NULL),
(87, 457, NULL, '566619443_10151754261079444', NULL, '566619443', 'Hoda Ehsan', 'Hoda Ehsan likes AMIR TATALOO.', 'https://www.facebook.com/amirtataloof?ref=stream', 'https://fbcdn-profile-a.akamaihd.net/hprofile-ak-ash2/1086573_137389836271485_358116774_q.jpg', NULL, NULL, NULL, NULL, 14, NULL),
(88, 459, NULL, '576111763_10151744815051764', NULL, '576111763', 'Anahita Moaddab', 'Anahita Moaddab and Neusha Newton are now friends.', NULL, NULL, NULL, NULL, NULL, NULL, 14, NULL),
(89, 460, NULL, '598596461_10151737185006462', NULL, '598596461', 'Maliheh Mnz', 'Maliheh Mnz likes a photo.', NULL, NULL, NULL, NULL, NULL, NULL, 14, NULL),
(90, 462, NULL, '605235497_10151762140165498', NULL, '605235497', 'Pooja Jain', 'Pooja Jain likes FB Store.', 'https://www.facebook.com/storeathq?ref=stream', 'https://fbcdn-profile-a.akamaihd.net/hprofile-ak-ash3/71119_327576170683228_2097204286_q.jpg', NULL, NULL, NULL, NULL, 14, NULL),
(91, 466, NULL, '633438706_10151810492078707', NULL, '633438706', 'Zahra Jalili', 'Zahra Jalili and Mohad Keshavarz are now friends.', NULL, NULL, NULL, NULL, NULL, NULL, 14, NULL),
(92, 470, NULL, '659253293_10152073938338294', NULL, '659253293', 'Behnam Tavakoli', 'Behnam Tavakoli likes Maktabkhooneh.', 'https://www.facebook.com/maktabkhooneh?ref=stream', 'https://fbcdn-profile-a.akamaihd.net/hprofile-ak-ash4/373027_258915294143235_100999693_q.jpg', NULL, NULL, NULL, NULL, 14, NULL),
(93, 475, NULL, '680950583_10153091226315584', NULL, '680950583', 'Maryam Booshehrian', 'Maryam Booshehrian and Elaheh Shakeri are now friends.', NULL, NULL, NULL, NULL, NULL, NULL, 14, NULL),
(94, 477, NULL, '693872358_10151798235082359', NULL, '693872358', 'Salehe Ghasempur', 'Salehe Ghasempur and Hoda Nkh are now friends.', NULL, NULL, NULL, NULL, NULL, NULL, 14, NULL),
(95, 477, NULL, '693872358_10151797390847359', NULL, '693872358', 'Salehe Ghasempur', '"Tavalodet mobarakk zozo tala :*" on Zohreh Zoe G''s timeline.', NULL, NULL, NULL, NULL, NULL, NULL, 14, NULL),
(96, 486, NULL, '768484159_10151618696869160', NULL, '768484159', 'Parisa Kaghazgaran', 'Parisa Kaghazgaran and Yousef Moradi are now friends.', NULL, NULL, NULL, NULL, NULL, NULL, 14, NULL),
(97, 487, NULL, '770173881_10151592476238882', NULL, '770173881', 'Monire Montazeri', NULL, NULL, NULL, NULL, NULL, NULL, 'کنکوریا چه کردین؟', 14, NULL),
(98, 492, NULL, '1016088729_10200974334613352', NULL, '1016088729', 'Fatima Kamali', '"‎این فراز دعای جوشن خیییییلییی...‎" on Mohsen Taghaddosi''s status.', NULL, NULL, NULL, NULL, NULL, NULL, 14, NULL),
(99, 493, NULL, '1019613315_10201056379424539', NULL, '1019613315', 'Marzieh Razavi', 'Marzieh Razavi and Asma Ghandeharioun are now friends.', NULL, NULL, NULL, NULL, NULL, NULL, 14, NULL),
(100, 494, NULL, '1027344584_10200749326428663', NULL, '1027344584', 'Marjan Ghazvini Nejad', '"‎Amirhossein Aleyasin الدی...‎" on Mehrdad Farajtabar''s photo.', NULL, NULL, NULL, NULL, NULL, NULL, 14, NULL),
(101, 501, NULL, '1059054766_10200955572825751', NULL, '1059054766', 'Shivangi Prasad', '"Happy Birthday Rimpi di :))" on Rama Priya''s timeline.', NULL, NULL, NULL, NULL, NULL, NULL, 14, NULL),
(102, 502, NULL, '1059115259_10200866156710406', NULL, '1059115259', 'Nafise Syd', '"‎تولدت مبارک ای احسان ای مسعود...صدات گرم و سرت خوش باشه...‎" on Ehsan Masoud''s timeline.', NULL, NULL, NULL, NULL, NULL, NULL, 14, NULL),
(103, 502, NULL, '1059115259_10200859202416553', NULL, '1059115259', 'Nafise Syd', 'Nafise Syd likes Bagh-e Tafarroj.', 'https://www.facebook.com/pages/Bagh-e-Tafarroj/145268542234485?ref=stream', 'https://fbcdn-profile-a.akamaihd.net/hprofile-ak-ash2/276645_145268542234485_1422173213_q.jpg', NULL, NULL, NULL, NULL, 14, NULL),
(104, 507, NULL, '1080420483_10200762348595979', NULL, '1080420483', 'Amir Shaikhha', 'Amir Shaikhha shared ‎غلط نامه کدخدا‎''s photo.', 'https://www.facebook.com/photo.php?fbid=605803552803922&set=a.214760265241588.70175.178335535550728&type=1', 'https://photos-a.xx.fbcdn.net/hphotos-ash4/999839_605803552803922_2032954011_s.jpg', NULL, 'Timeline Photos', 'وال', ':))', 14, NULL),
(105, 507, NULL, '1080420483_10200756080679285', NULL, '1080420483', 'Amir Shaikhha', 'Amir Shaikhha and Salman Soleimani are now friends.', NULL, NULL, NULL, NULL, NULL, NULL, 14, NULL),
(106, 509, NULL, '1105121057_10201127165036985', NULL, '1105121057', 'Amirhossein Aleyasin', 'Amirhossein Aleyasin shared Shabanali''s photo.', 'https://www.facebook.com/photo.php?fbid=582230028494308&set=a.456454434405202.119147.456451577738821&type=1', 'https://fbcdn-photos-g-a.akamaihd.net/hphotos-ak-ash4/1000450_582230028494308_822687050_s.jpg', NULL, 'Timeline Photos', NULL, 'روح های پاک، جیب های پوچ و مغزهای ...\n', 14, NULL),
(107, 509, NULL, '1105121057_10201127073714702', NULL, '1105121057', 'Amirhossein Aleyasin', 'Amirhossein Aleyasin likes Shabanali.', 'https://www.facebook.com/mrshabanali?ref=stream', 'https://profile-a.xx.fbcdn.net/hprofile-ash4/203520_456451577738821_730057694_q.jpg', NULL, NULL, NULL, NULL, 14, NULL),
(108, 509, NULL, '1105121057_10201123968077063', NULL, '1105121057', 'Amirhossein Aleyasin', '"‎ولی جدی کیسه قهوه ای ها مشکوکن! :دی‎" on Mehrdad Farajtabar''s photo.', NULL, NULL, NULL, NULL, NULL, NULL, 14, NULL),
(109, 511, NULL, '1116181673_10201356248564299', NULL, '1116181673', 'Parnian Alimi', '"Salam Amin shokr, shoma khoobin? :)" on Amin Fazli''s post on Parnian Alimi''s wall.', NULL, NULL, NULL, NULL, NULL, NULL, 14, NULL),
(110, 513, NULL, '1133850813_10201205184868390', NULL, '1133850813', 'Sharareh Alipour', 'Sharareh Alipour likes Apply Losers.', 'https://www.facebook.com/ishalasalebad?ref=stream', 'https://profile-b.xx.fbcdn.net/hprofile-ash2/1086565_485043318240442_1640980857_q.jpg', NULL, NULL, NULL, NULL, 14, NULL),
(111, 514, NULL, '1141626587_10201551143237392', NULL, '1141626587', 'Shohreh Shaghaghian', 'Shohreh Shaghaghian and Qiaozhi An are now friends.', NULL, NULL, NULL, NULL, NULL, NULL, 14, NULL),
(112, 515, NULL, '1142100918_10201555358062776', NULL, '1142100918', 'Mehrnoosh Sameki', 'Mehrnoosh Sameki likes Maktabkhooneh.', 'https://www.facebook.com/maktabkhooneh?ref=stream', 'https://fbcdn-profile-a.akamaihd.net/hprofile-ak-ash4/373027_258915294143235_100999693_q.jpg', NULL, NULL, NULL, NULL, 14, NULL),
(113, 516, NULL, '1142211686_10201463322561949', NULL, '1142211686', 'LaLeh Ab', 'LaLeh Ab likes Bren Events Center.', 'https://www.facebook.com/BrenCenter?ref=stream', 'https://fbcdn-profile-a.akamaihd.net/hprofile-ak-prn1/71099_163189949104_1266687_q.jpg', NULL, NULL, NULL, NULL, 14, NULL),
(114, 519, NULL, '1144424634_10201531046535080', NULL, '1144424634', 'Erfan Zamanian', 'Erfan Zamanian likes a status.', NULL, NULL, NULL, NULL, NULL, NULL, 14, NULL),
(115, 522, NULL, '1153851746_10201282920172390', NULL, '1153851746', 'Samane Kazemi', 'Samane Kazemi likes a status.', NULL, NULL, NULL, NULL, NULL, NULL, 14, NULL),
(116, 522, NULL, '1153851746_10201281522617452', NULL, '1153851746', 'Samane Kazemi', '"Lol" on SH A GH Ayegh''s link.', NULL, NULL, NULL, NULL, NULL, NULL, 14, NULL),
(117, 524, NULL, '1157373987_10201355582389018', NULL, '1157373987', 'Alireza Ghasemi', '"‎رفت؟ :(‎" on Amin Fazli''s post on Mehrdad Farajtabar''s wall.', NULL, NULL, NULL, NULL, NULL, NULL, 14, NULL),
(118, 525, NULL, '1160391788_10201480488311688', NULL, '1160391788', 'Maede Sadeghi', NULL, NULL, NULL, NULL, NULL, NULL, 'بچه ها الان خبر دار شدم پسر عمه ام فوت كرده دلاتون پاكه برا شادي روحش دعا كنين...', 14, NULL),
(119, 526, NULL, '1163003590_10201593129207727', NULL, '1163003590', 'Mehrdad Khaledi', '"Merci Payman jan, zende bashi" on Parham Khaledi''s post on Mehrdad Khaledi''s wall.', NULL, NULL, NULL, NULL, NULL, NULL, 14, NULL),
(120, 533, NULL, '1180840711_10201530703647722', NULL, '1180840711', 'Meysam Aghighi', 'Meysam Aghighi likes a photo.', NULL, NULL, NULL, NULL, NULL, NULL, 14, NULL),
(121, 578, NULL, '1937781_10102825970863550', 1, '1937781', 'Ali Khosro', NULL, NULL, NULL, NULL, NULL, NULL, 'اندکی تحلیل سیاسی و پیشنهاد سیاست خارجی\n\n به نظرم همچنان در تحولات داخلی کشورهای خاورمیانه نقش کشورهای مهم خارجی بسیار مهم و تعیین کننده است. میشود پنج نیروی اصلی را عربستان-ایران-اسراییل-امریکا-اتحادیه اروپا نام برد. اتحادیه اروپا معمولا سیاست از پیش تعیین شده ای ندارد و نقش گارسون و حزب باد را بازی میکند. امریکا هم بیش از آنکه کشوری پیشرو باشد سیاستهای خاورمیانه اش را جهتگیریهای اسراییل و عربستان شکل میدهد. از این جهت نیروهای اصلی به سه پایتخت تهران-ریاض-تل آویو محدود می‌شود. \n\nمشکل بزرگ دیپلماسی ایران از زمان ورود امریکا (که نیروی عامل بسیار نیرومندی است) این است که ارتباط تنگانگ خود با عربستان را کمرنگ کرده است. به جای رفت و آمدهای روزانه، مهمانیهای مرتب بین دیپلماتها و مقامات دو کشور و صداکردن یکدیگر به اسم کوچک، مذاکرات و تلفنهای لحظه ای (آنطور که بین انگلستان و امریکا برقرار است)، راه انزوا و دوری از ریاض را برگزیده است. \n\nایران خیلی جاها باید لجبازی را کنار بگذارد و به مواضع عربستان نزدیک شود تا امتیازهایی هم به دست آورد، سوءتفاهم‌ها و اصطکاک‌ها را برطرف کند، و مهم‌تر از همه ثبات و امنیت و حاکمیت منطقه‌ای را به خاورمیانه بازگرداند و خود را هم از بازی یک‌طرفه‌ی اسراییل خارچ کند. ایران و عربستان تنها کشورهایی هستند که نه تنها بزرگ و قدرتمندند بلکه دارای پایگاه مردمی، قدرت مذهبی، ثبات سیاسی و نفوذ گسترده ای هستند. نزدیکی و همراهی با عربستان، اتحادیه اروپا (حزب باد) را در اردوگاه ما قرار می‌دهد و امریکا را در تحولات غیر اسرائیلی بیطرف و خنثی می‌کند و از خصومت محض با ایران دور می‌کند.\n\nعلاوه بر مراودات مذهبی، مهمانی‌ها و رفت و آمدهای مرتب فرهنگی و روابط دیپلماتیک و تجاری و دوستی بین مقامات ایران و عربستان که بسیار راهگشاست، در برخی مواضع سیاسی ایران باید به اردوگاه عربستان بسیار نزدیک شود و امتیاز بدهد مثلا درباره حماس و فلسطین و نیز در ارتباط با مناقشات بحرین و نیز درباره تحولات مصر و حتا در سیاست‌های عراق، ایران می‌تواند به میزان بسیار زیادی به اردوگاه عربستان نزدیک شود و کم و بیش پیرو سیاست‌های ریاض باشد. در مقابل درباره موضوعاتی که کمتر برای عربستان مهم است و یا عربستان در موضع ضعف است میتواند عربستان را به اردوگاه تهران بکشاند از جمله سوریه، لبنان، افغانستان، محدود سازی اسرائیل و مهمتر از همه کاهش خصومت و تحریم علیه ایران.\n\nفکر میکنم برادر شدن ایران و عربستان و چای خوردن و قلیان کشیدن تهران و ریاض (و اعراب) باید مهمترین ماموریت وزارت خارجه ایران (آقای ظریف) باشد.\nJavad Zarif\nJavad Rostami\nPirouz Ghofrani', 23, NULL),
(122, 578, NULL, '1937781_10102824384817000', 1, '1937781', 'Ali Khosro', NULL, 'http://youtu.be/locIxsfpgp4', 'https://fbexternal-a.akamaihd.net/safe_image.php?d=AQArusxmnQPzs6wZ&w=130&h=130&url=http%3A%2F%2Fi1.ytimg.com%2Fvi%2FlocIxsfpgp4%2Fhqdefault.jpg%3Ffeature%3Dog', 'http://www.youtube.com/v/locIxsfpgp4?version=3&autohide=1&autoplay=1', 'Sting - Shape of my Heart', 'Well the name of the movie is Leon or The professional it depends where you from in Mexico the name was El profesional .. you can see more in http://www.imdb...', 'I know that the spades are the swords of a soldier\nI know that the clubs are weapons of war\nI know that diamonds mean money for this art\nBut that''s not the shape of my heart', 23, NULL),
(123, 578, NULL, '1937781_10102823325015850', 1, '1937781', 'Ali Khosro', NULL, 'http://youtu.be/4F9MEagVVrc', 'https://fbexternal-a.akamaihd.net/safe_image.php?d=AQAQ0qvYPiOSsaB3&w=130&h=130&url=http%3A%2F%2Fi1.ytimg.com%2Fvi%2F4F9MEagVVrc%2Fhqdefault.jpg%3Ffeature%3Dog', 'http://www.youtube.com/v/4F9MEagVVrc?version=3&autohide=1&autoplay=1', 'That''s quite a lovely Jackson Pollock, isn''t it? What does it say to you?', 'It restates the negativeness of the universe. The hideous lonely emptiness of existence. Nothingness. The predicament of Man forced to live in a barren, Godl...', 'What about Friday night?', 23, NULL),
(124, 578, NULL, '1937781_10102823268633840', 1, '1937781', 'Ali Khosro', NULL, 'http://youtu.be/rrxlfvI17oY', 'https://fbexternal-a.akamaihd.net/safe_image.php?d=AQCWS69pB3b_szsu&w=130&h=130&url=http%3A%2F%2Fi1.ytimg.com%2Fvi%2FrrxlfvI17oY%2Fhqdefault.jpg%3Ffeature%3Dog', 'http://www.youtube.com/v/rrxlfvI17oY?version=3&autohide=1&autoplay=1', 'Woody Allen - Annie Hall Opening', 'Another classic masterpiece.', 'One of the best movies I ever seen is Annie Hall by Woody Allen. The beginning scene is just superb, as is the rest of the movie. \nhttp://youtu.be/rrxlfvI17oY', 23, NULL),
(125, 578, NULL, '1937781_10102822943445520', 1, '1937781', 'Ali Khosro', NULL, NULL, NULL, NULL, NULL, NULL, 'از معایت در ایران بودن: کامپیوترم ویروسی، فلش مموریم ویروسی، گوشیم ویروسی، خودم ویروسی، کارم ویروسی، روابطم ویروسی، زندگیم ویروسی :(', 23, NULL),
(126, 578, NULL, '1937781_10102820356804170', 1, '1937781', 'Ali Khosro', NULL, 'http://www.khabaronline.ir/detail/309366/weblog/akhani', 'https://fbexternal-a.akamaihd.net/safe_image.php?d=AQDvNeC2V94dzBFy&w=154&h=154&url=http%3A%2F%2Fimages.khabaronline.ir%2Fsystem%2Fmenus%2F10%2Fsama-soft.13920528.1242.gif', NULL, 'ضرورت بازنگری در نحوه انتخاب اعضای هیئت علمی', 'اینکه امروز شما کمتر صدایی از استادان زیست شناسی کشور در بیان وضع اسف بار محیط زیست می شنوید ناشی از همان سنت دیرینه است که اغلب دلشان برای خودشان می سوزد تا طبیعت و دیگر هموطنان و حتی فرزندانشان. گیاه و جانور را نه به خاطر موجود زنده بودن، بلکه برای مقاله سازی و کسب پول و مرتبه خود می خواهند. شاهد…', '«صرف نظر از اینکه استخدام به شکل متمرکز و یا غیرمتمرکز صورت بگیرد، یک رشته قوانین نانوشته ای در استخدام اعضای هیات علمی وجود دارند. قوانینی شبیه این موارد: (١) افراد مستقل وارد مجموعه نشوند تا مبادا به شالوده روابط جاری لطمه ای وارد شود؛ (٢) عضو هیات علمی جدید آنقدر از نظری علمی و شخصیتی قوی نباشد که موی دماغ گردد؛ (٣) کسی که استخدام می شود یک رأی برای انتخابات درونی به حساب می آید. بنابراین بایستی اطمینان داشت که جایگاه افراد ذی نفوذ فعلی دانشکده تضمین شود. (٤) غالباً استادان بانفوذ و قدیمی قبل از بازنشستگی جانشینان خود را تعیین می کنند. بعضی از این جانشینان، نه تنها آزمایشگاه و وسیله نقلیه دانشگاه را از استاد قدیمی به ارث می برند بلکه تعدادی از دانشجویان دکتری و کارشناسی ارشد استاد قبلی هم نصیبشان می شود تا بتوانند یک شبه، نردبان ترقی را طی کنند؛ (٥) تعدادی از افراد موردنظر مسئولین بالادست، به منظور جلب نظر آنها، استخدام می شوند تا رابطه و اعتماد با تصمیم سازان دانشگاه محفوظ بماند.»\n\nتلخیص از محمد حلیمی', 23, NULL),
(127, 578, NULL, '1937781_10102819957958460', 1, '1937781', 'Ali Khosro', NULL, 'http://www.npr.org/blogs/13.7/2013/08/20/213490558/the-dangers-of-being-right?utm_source=NPR&utm_medium=facebook&utm_campaign=20130820', 'https://fbexternal-a.akamaihd.net/safe_image.php?d=AQDR64CVrnFrZj1d&w=154&h=154&url=http%3A%2F%2Fmedia.npr.org%2Fassets%2Fimg%2F2013%2F08%2F20%2Fistock-2200571-abandoned-building_custom-dbd9e3c9c573c4b76518d6069f4fea07bf35e33f.jpg', NULL, 'The Dangers of Being Right', NULL, 'From the place where we are right\nFlowers will never grow\nIn the spring.\n\nThe place where we are right\nIs hard and trampled\nLike a yard.\n\nBut doubts and loves\nDig up the world\nLike a mole, a plow.\n\nAnd a whisper will be heard in the place\nWhere the ruined\nHouse once stood.\n\n-Yehuda Amichai ', 23, NULL),
(128, 578, NULL, '1937781_10102819575968970', 1, '1937781', 'Ali Khosro', NULL, NULL, NULL, NULL, NULL, NULL, '"با غمی چون دل بنستانی ... از تو انصاف چون ستاند کس"\n\nباید تمرین کنم اینها را: سکوت و صبر و توکل و امید', 23, NULL);

-- --------------------------------------------------------

--
-- Table structure for table `user`
--

CREATE TABLE IF NOT EXISTS `user` (
  `id` bigint(20) NOT NULL AUTO_INCREMENT,
  `fbid` varchar(30) NOT NULL,
  `name` varchar(255) DEFAULT NULL,
  `start_time` datetime DEFAULT NULL,
  `end_time` datetime DEFAULT NULL,
  `code` varchar(100) DEFAULT NULL,
  PRIMARY KEY (`id`),
  KEY `code` (`code`)
) ENGINE=InnoDB  DEFAULT CHARSET=utf8 AUTO_INCREMENT=24 ;

--
-- Dumping data for table `user`
--

INSERT INTO `user` (`id`, `fbid`, `name`, `start_time`, `end_time`, `code`) VALUES
(1, '1105121057', NULL, NULL, NULL, NULL),
(2, '1105121057', NULL, NULL, NULL, NULL),
(3, '1105121057', NULL, NULL, NULL, NULL),
(4, '1105121057', NULL, NULL, NULL, 'PzdpTp'),
(5, '1105121057', NULL, NULL, NULL, 'o0v56X'),
(6, '1105121057', NULL, NULL, NULL, '65liNE'),
(7, '1105121057', NULL, NULL, NULL, 'dRifne'),
(8, '1105121057', NULL, NULL, NULL, 'y3d5Ek'),
(9, '1105121057', NULL, NULL, NULL, 'jnPv2L'),
(10, '1105121057', NULL, NULL, NULL, 'w8ymxV'),
(11, '1105121057', NULL, NULL, NULL, 'oS3UNo'),
(12, '100002052515858', NULL, NULL, NULL, 'l2N70w'),
(13, '100002052515858', NULL, NULL, NULL, 'oiUcAC'),
(14, '100002052515858', NULL, NULL, NULL, 'cpkSBg'),
(15, '1105121057', NULL, NULL, NULL, NULL),
(16, '1105121057', NULL, NULL, NULL, NULL),
(17, '1105121057', NULL, NULL, NULL, '123456'),
(18, '1105121057', NULL, NULL, NULL, NULL),
(19, '1105121057', NULL, NULL, NULL, NULL),
(20, '1105121057', NULL, NULL, NULL, NULL),
(21, '1105121057', NULL, NULL, NULL, NULL),
(22, '1105121057', NULL, NULL, NULL, 'vas7DL'),
(23, '1105121057', NULL, NULL, NULL, 'WnK6Zo');

--
-- Constraints for dumped tables
--

--
-- Constraints for table `friend`
--
ALTER TABLE `friend`
  ADD CONSTRAINT `friend_ibfk_1` FOREIGN KEY (`user`) REFERENCES `user` (`id`) ON DELETE CASCADE ON UPDATE CASCADE;

--
-- Constraints for table `post`
--
ALTER TABLE `post`
  ADD CONSTRAINT `post_ibfk_1` FOREIGN KEY (`category`) REFERENCES `category` (`id`) ON DELETE CASCADE ON UPDATE CASCADE,
  ADD CONSTRAINT `post_ibfk_2` FOREIGN KEY (`friend`) REFERENCES `friend` (`id`) ON DELETE CASCADE ON UPDATE CASCADE;

--
-- Constraints for table `post_data`
--
ALTER TABLE `post_data`
  ADD CONSTRAINT `post_data_ibfk_1` FOREIGN KEY (`friend`) REFERENCES `friend` (`id`) ON DELETE CASCADE ON UPDATE CASCADE,
  ADD CONSTRAINT `post_data_ibfk_2` FOREIGN KEY (`category`) REFERENCES `category` (`id`) ON DELETE CASCADE ON UPDATE CASCADE,
  ADD CONSTRAINT `post_data_ibfk_3` FOREIGN KEY (`user`) REFERENCES `user` (`id`) ON DELETE CASCADE ON UPDATE CASCADE;

/*!40101 SET CHARACTER_SET_CLIENT=@OLD_CHARACTER_SET_CLIENT */;
/*!40101 SET CHARACTER_SET_RESULTS=@OLD_CHARACTER_SET_RESULTS */;
/*!40101 SET COLLATION_CONNECTION=@OLD_COLLATION_CONNECTION */;
