-- phpMyAdmin SQL Dump
-- version 3.5.2.2
-- http://www.phpmyadmin.net
--
-- Host: 127.0.0.1
-- Generation Time: Jun 17, 2013 at 07:53 AM
-- Server version: 5.5.27
-- PHP Version: 5.4.7

SET SQL_MODE="NO_AUTO_VALUE_ON_ZERO";
SET time_zone = "+00:00";


/*!40101 SET @OLD_CHARACTER_SET_CLIENT=@@CHARACTER_SET_CLIENT */;
/*!40101 SET @OLD_CHARACTER_SET_RESULTS=@@CHARACTER_SET_RESULTS */;
/*!40101 SET @OLD_COLLATION_CONNECTION=@@COLLATION_CONNECTION */;
/*!40101 SET NAMES utf8 */;

--
-- Database: `fb_reflect`
--

-- --------------------------------------------------------

--
-- Table structure for table `category`
--

CREATE TABLE IF NOT EXISTS `category` (
  `id` bigint(20) NOT NULL,
  `name` varchar(255) NOT NULL,
  `description` varchar(255) NOT NULL,
  PRIMARY KEY (`id`)
) ENGINE=InnoDB DEFAULT CHARSET=utf8;

--
-- Dumping data for table `category`
--

INSERT INTO `category` (`id`, `name`, `description`) VALUES
(1, 'check-in', 'check-in'),
(2, 'link', 'posting a link'),
(3, 'status', 'post or update status'),
(4, 'photo', 'photo'),
(5, 'video', 'upload a video'),
(6, 'comment', 'comment'),
(7, 'others', 'group created/event created/post on wall/note created/app story/post in group'),
(8, 'all', 'sum of all categories');

-- --------------------------------------------------------

--
-- Table structure for table `friend`
--

CREATE TABLE IF NOT EXISTS `friend` (
  `id` bigint(20) NOT NULL AUTO_INCREMENT,
  `fbid` varchar(30) NOT NULL,
  `user` bigint(20) NOT NULL,
  PRIMARY KEY (`id`),
  KEY `user` (`user`)
) ENGINE=InnoDB  DEFAULT CHARSET=utf8 AUTO_INCREMENT=9730 ;

--
-- Dumping data for table `friend`
--

INSERT INTO `friend` (`id`, `fbid`, `user`) VALUES
(9060, '1924477', 32),
(9061, '1929103', 32),
(9062, '21003982', 32),
(9063, '510997224', 32),
(9064, '517137748', 32),
(9065, '521329425', 32),
(9066, '521589775', 32),
(9067, '522024741', 32),
(9068, '522143610', 32),
(9069, '522267167', 32),
(9070, '522494269', 32),
(9071, '522563219', 32),
(9072, '540174323', 32),
(9073, '543702584', 32),
(9074, '543916327', 32),
(9075, '544487932', 32),
(9076, '546383935', 32),
(9077, '549356273', 32),
(9078, '556452825', 32),
(9079, '558605619', 32),
(9080, '566619443', 32),
(9081, '569292553', 32),
(9082, '576111763', 32),
(9083, '598596461', 32),
(9084, '600220836', 32),
(9085, '605235497', 32),
(9086, '609411497', 32),
(9087, '611699059', 32),
(9088, '613429245', 32),
(9089, '628700462', 32),
(9090, '633438706', 32),
(9091, '641265525', 32),
(9092, '645833550', 32),
(9093, '646212485', 32),
(9094, '659253293', 32),
(9095, '664164753', 32),
(9096, '671336447', 32),
(9097, '673192876', 32),
(9098, '680950583', 32),
(9099, '685330351', 32),
(9100, '693872358', 32),
(9101, '693924916', 32),
(9102, '699286511', 32),
(9103, '715553469', 32),
(9104, '728525023', 32),
(9105, '748813532', 32),
(9106, '752357555', 32),
(9107, '758213646', 32),
(9108, '768484159', 32),
(9109, '770173881', 32),
(9110, '837322411', 32),
(9111, '838216504', 32),
(9112, '889850433', 32),
(9113, '1019613315', 32),
(9114, '1027344584', 32),
(9115, '1037477680', 32),
(9116, '1041360447', 32),
(9117, '1054515959', 32),
(9118, '1055784518', 32),
(9119, '1055935312', 32),
(9120, '1057624580', 32),
(9121, '1059054766', 32),
(9122, '1059115259', 32),
(9123, '1063159474', 32),
(9124, '1070073650', 32),
(9125, '1070887043', 32),
(9126, '1079365194', 32),
(9127, '1080420483', 32),
(9128, '1086255107', 32),
(9129, '1105121057', 32),
(9130, '1115194643', 32),
(9131, '1116181673', 32),
(9132, '1127303649', 32),
(9133, '1133850813', 32),
(9134, '1142100918', 32),
(9135, '1142211686', 32),
(9136, '1143321504', 32),
(9137, '1144424634', 32),
(9138, '1150041349', 32),
(9139, '1152111451', 32),
(9140, '1153851746', 32),
(9141, '1157121591', 32),
(9142, '1157373987', 32),
(9143, '1160391788', 32),
(9144, '1163003590', 32),
(9145, '1163781625', 32),
(9146, '1167801409', 32),
(9147, '1172661328', 32),
(9148, '1173213773', 32),
(9149, '1174328805', 32),
(9150, '1176321565', 32),
(9151, '1180840711', 32),
(9152, '1182322114', 32),
(9153, '1185882245', 32),
(9154, '1186953905', 32),
(9155, '1188501132', 32),
(9156, '1190361214', 32),
(9157, '1201924982', 32),
(9158, '1207598061', 32),
(9159, '1209227892', 32),
(9160, '1214496141', 32),
(9161, '1215265106', 32),
(9162, '1219408685', 32),
(9163, '1219454643', 32),
(9164, '1221071467', 32),
(9165, '1222522701', 32),
(9166, '1228901730', 32),
(9167, '1230524090', 32),
(9168, '1236056147', 32),
(9169, '1245108107', 32),
(9170, '1248319891', 32),
(9171, '1248934478', 32),
(9172, '1250553831', 32),
(9173, '1253670762', 32),
(9174, '1259752931', 32),
(9175, '1265086316', 32),
(9176, '1268015107', 32),
(9177, '1276115706', 32),
(9178, '1276122377', 32),
(9179, '1279366111', 32),
(9180, '1283130686', 32),
(9181, '1291706919', 32),
(9182, '1294020713', 32),
(9183, '1295445268', 32),
(9184, '1298389415', 32),
(9185, '1305203307', 32),
(9186, '1308815604', 32),
(9187, '1313082423', 32),
(9188, '1320035560', 32),
(9189, '1329773359', 32),
(9190, '1333215047', 32),
(9191, '1342125554', 32),
(9192, '1342989918', 32),
(9193, '1343944321', 32),
(9194, '1352532569', 32),
(9195, '1373843456', 32),
(9196, '1377582543', 32),
(9197, '1378954795', 32),
(9198, '1393331355', 32),
(9199, '1393856618', 32),
(9200, '1394602219', 32),
(9201, '1395252475', 32),
(9202, '1395475635', 32),
(9203, '1396827394', 32),
(9204, '1400118338', 32),
(9205, '1412620612', 32),
(9206, '1416734385', 32),
(9207, '1439907637', 32),
(9208, '1442042437', 32),
(9209, '1447696892', 32),
(9210, '1472581808', 32),
(9211, '1475002729', 32),
(9212, '1481992369', 32),
(9213, '1495455527', 32),
(9214, '1498264750', 32),
(9215, '1528065758', 32),
(9216, '1530879703', 32),
(9217, '1543952508', 32),
(9218, '1550716821', 32),
(9219, '1553227464', 32),
(9220, '1564746864', 32),
(9221, '1568702832', 32),
(9222, '1593368893', 32),
(9223, '1594372748', 32),
(9224, '1595362999', 32),
(9225, '1609399019', 32),
(9226, '1626512446', 32),
(9227, '1637061615', 32),
(9228, '1638200159', 32),
(9229, '1646291787', 32),
(9230, '1652180403', 32),
(9231, '1661782234', 32),
(9232, '1672182208', 32),
(9233, '1686109652', 32),
(9234, '1694602289', 32),
(9235, '1701040153', 32),
(9236, '1703066314', 32),
(9237, '1709419847', 32),
(9238, '1719327367', 32),
(9239, '1726341792', 32),
(9240, '1729914695', 32),
(9241, '1730086154', 32),
(9242, '1732590494', 32),
(9243, '1735611120', 32),
(9244, '1738616321', 32),
(9245, '1744281094', 32),
(9246, '1759591129', 32),
(9247, '1780988001', 32),
(9248, '1783869631', 32),
(9249, '1807606916', 32),
(9250, '1808833052', 32),
(9251, '1809999340', 32),
(9252, '1813210698', 32),
(9253, '1822506880', 32),
(9254, '1826638427', 32),
(9255, '1845062011', 32),
(9256, '100000000353102', 32),
(9257, '100000014287077', 32),
(9258, '100000041727779', 32),
(9259, '100000053383243', 32),
(9260, '100000068630305', 32),
(9261, '100000167439431', 32),
(9262, '100000175991067', 32),
(9263, '100000181652330', 32),
(9264, '100000197964083', 32),
(9265, '100000213276870', 32),
(9266, '100000219159733', 32),
(9267, '100000221187771', 32),
(9268, '100000252542430', 32),
(9269, '100000309607127', 32),
(9270, '100000345407181', 32),
(9271, '100000368726387', 32),
(9272, '100000370460570', 32),
(9273, '100000377929470', 32),
(9274, '100000597734613', 32),
(9275, '100000678431010', 32),
(9276, '100000688149498', 32),
(9277, '100000692554680', 32),
(9278, '100000728071081', 32),
(9279, '100000860477685', 32),
(9280, '100000991078687', 32),
(9281, '100000998093761', 32),
(9282, '100001033016384', 32),
(9283, '100001070424075', 32),
(9284, '100001071452474', 32),
(9285, '100001147908829', 32),
(9286, '100001190067901', 32),
(9287, '100001195711271', 32),
(9288, '100001285549786', 32),
(9289, '100001289313227', 32),
(9290, '100001301255856', 32),
(9291, '100001312029845', 32),
(9292, '100001358912895', 32),
(9293, '100001369656898', 32),
(9294, '100001373001468', 32),
(9295, '100001402339140', 32),
(9296, '100001451678301', 32),
(9297, '100001472718903', 32),
(9298, '100001480483679', 32),
(9299, '100001518773986', 32),
(9300, '100001539734586', 32),
(9301, '100001543551212', 32),
(9302, '100001553151811', 32),
(9303, '100001569225475', 32),
(9304, '100001575111440', 32),
(9305, '100001628475543', 32),
(9306, '100001670686878', 32),
(9307, '100001678826194', 32),
(9308, '100001688721761', 32),
(9309, '100001738474365', 32),
(9310, '100001765006060', 32),
(9311, '100001827828402', 32),
(9312, '100001856018852', 32),
(9313, '100001890242382', 32),
(9314, '100001892865922', 32),
(9315, '100001897252098', 32),
(9316, '100001948087406', 32),
(9317, '100001972911534', 32),
(9318, '100001981530051', 32),
(9319, '100002014312779', 32),
(9320, '100002015493897', 32),
(9321, '100002051708282', 32),
(9322, '100002090935153', 32),
(9323, '100002156470798', 32),
(9324, '100002197642144', 32),
(9325, '100002218506125', 32),
(9326, '100002247729470', 32),
(9327, '100002300800524', 32),
(9328, '100002328150620', 32),
(9329, '100002336950671', 32),
(9330, '100002424549979', 32),
(9331, '100002445074975', 32),
(9332, '100002485996118', 32),
(9333, '100002491823409', 32),
(9334, '100002497099452', 32),
(9335, '100002517120694', 32),
(9336, '100002522763530', 32),
(9337, '100002536933317', 32),
(9338, '100002601422110', 32),
(9339, '100002679660236', 32),
(9340, '100002727406267', 32),
(9341, '100002894704940', 32),
(9342, '100002904081643', 32),
(9343, '100003059145919', 32),
(9344, '100003080762000', 32),
(9345, '100003094144352', 32),
(9346, '100003172912108', 32),
(9347, '100003235260084', 32),
(9348, '100003354524136', 32),
(9349, '100003487042249', 32),
(9350, '100003539317572', 32),
(9351, '100003588990744', 32),
(9352, '100003593591118', 32),
(9353, '100003615362781', 32),
(9354, '100003631103732', 32),
(9355, '100003632646453', 32),
(9356, '100003791706349', 32),
(9357, '100003834109498', 32),
(9358, '100003908807630', 32),
(9359, '100004005823083', 32),
(9360, '100004050806647', 32),
(9361, '100004066761323', 32),
(9362, '100004091202182', 32),
(9363, '100004161723285', 32),
(9364, '100004169019131', 32),
(9365, '100004187104510', 32),
(9366, '100004210087529', 32),
(9367, '100004249839545', 32),
(9368, '100004263421673', 32),
(9369, '100004306086991', 32),
(9370, '100004396773157', 32),
(9371, '100004449192999', 32),
(9372, '100004465568805', 32),
(9373, '100004481647180', 32),
(9374, '100004496490152', 32),
(9375, '100004496591197', 32),
(9376, '100004497159917', 32),
(9377, '100004504871986', 32),
(9378, '100004570956939', 32),
(9379, '100004573716821', 32),
(9380, '100004594243739', 32),
(9381, '100004763700663', 32),
(9382, '100004778017982', 32),
(9383, '100004788096470', 32),
(9384, '100004794634171', 32),
(9385, '100004800754379', 32),
(9386, '100004830543106', 32),
(9387, '100004918831974', 32),
(9388, '100004946584825', 32),
(9389, '100004999453410', 32),
(9390, '100005021674803', 32),
(9391, '100005096739500', 32),
(9392, '100005107028900', 32),
(9393, '100005111112293', 32),
(9394, '100005213584639', 32),
(9395, '1924477', 33),
(9396, '1929103', 33),
(9397, '21003982', 33),
(9398, '510997224', 33),
(9399, '517137748', 33),
(9400, '521329425', 33),
(9401, '521589775', 33),
(9402, '522024741', 33),
(9403, '522143610', 33),
(9404, '522267167', 33),
(9405, '522494269', 33),
(9406, '522563219', 33),
(9407, '540174323', 33),
(9408, '543702584', 33),
(9409, '543916327', 33),
(9410, '544487932', 33),
(9411, '546383935', 33),
(9412, '549356273', 33),
(9413, '556452825', 33),
(9414, '558605619', 33),
(9415, '566619443', 33),
(9416, '569292553', 33),
(9417, '576111763', 33),
(9418, '598596461', 33),
(9419, '600220836', 33),
(9420, '605235497', 33),
(9421, '609411497', 33),
(9422, '611699059', 33),
(9423, '613429245', 33),
(9424, '628700462', 33),
(9425, '633438706', 33),
(9426, '641265525', 33),
(9427, '645833550', 33),
(9428, '646212485', 33),
(9429, '659253293', 33),
(9430, '664164753', 33),
(9431, '671336447', 33),
(9432, '673192876', 33),
(9433, '680950583', 33),
(9434, '685330351', 33),
(9435, '693872358', 33),
(9436, '693924916', 33),
(9437, '699286511', 33),
(9438, '715553469', 33),
(9439, '728525023', 33),
(9440, '748813532', 33),
(9441, '752357555', 33),
(9442, '758213646', 33),
(9443, '768484159', 33),
(9444, '770173881', 33),
(9445, '837322411', 33),
(9446, '838216504', 33),
(9447, '889850433', 33),
(9448, '1019613315', 33),
(9449, '1027344584', 33),
(9450, '1037477680', 33),
(9451, '1041360447', 33),
(9452, '1054515959', 33),
(9453, '1055784518', 33),
(9454, '1055935312', 33),
(9455, '1057624580', 33),
(9456, '1059054766', 33),
(9457, '1059115259', 33),
(9458, '1063159474', 33),
(9459, '1070073650', 33),
(9460, '1070887043', 33),
(9461, '1079365194', 33),
(9462, '1080420483', 33),
(9463, '1086255107', 33),
(9464, '1105121057', 33),
(9465, '1115194643', 33),
(9466, '1116181673', 33),
(9467, '1127303649', 33),
(9468, '1133850813', 33),
(9469, '1142100918', 33),
(9470, '1142211686', 33),
(9471, '1143321504', 33),
(9472, '1144424634', 33),
(9473, '1150041349', 33),
(9474, '1152111451', 33),
(9475, '1153851746', 33),
(9476, '1157121591', 33),
(9477, '1157373987', 33),
(9478, '1160391788', 33),
(9479, '1163003590', 33),
(9480, '1163781625', 33),
(9481, '1167801409', 33),
(9482, '1172661328', 33),
(9483, '1173213773', 33),
(9484, '1174328805', 33),
(9485, '1176321565', 33),
(9486, '1180840711', 33),
(9487, '1182322114', 33),
(9488, '1185882245', 33),
(9489, '1186953905', 33),
(9490, '1188501132', 33),
(9491, '1190361214', 33),
(9492, '1201924982', 33),
(9493, '1207598061', 33),
(9494, '1209227892', 33),
(9495, '1214496141', 33),
(9496, '1215265106', 33),
(9497, '1219408685', 33),
(9498, '1219454643', 33),
(9499, '1221071467', 33),
(9500, '1222522701', 33),
(9501, '1228901730', 33),
(9502, '1230524090', 33),
(9503, '1236056147', 33),
(9504, '1245108107', 33),
(9505, '1248319891', 33),
(9506, '1248934478', 33),
(9507, '1250553831', 33),
(9508, '1253670762', 33),
(9509, '1259752931', 33),
(9510, '1265086316', 33),
(9511, '1268015107', 33),
(9512, '1276115706', 33),
(9513, '1276122377', 33),
(9514, '1279366111', 33),
(9515, '1283130686', 33),
(9516, '1291706919', 33),
(9517, '1294020713', 33),
(9518, '1295445268', 33),
(9519, '1298389415', 33),
(9520, '1305203307', 33),
(9521, '1308815604', 33),
(9522, '1313082423', 33),
(9523, '1320035560', 33),
(9524, '1329773359', 33),
(9525, '1333215047', 33),
(9526, '1342125554', 33),
(9527, '1342989918', 33),
(9528, '1343944321', 33),
(9529, '1352532569', 33),
(9530, '1373843456', 33),
(9531, '1377582543', 33),
(9532, '1378954795', 33),
(9533, '1393331355', 33),
(9534, '1393856618', 33),
(9535, '1394602219', 33),
(9536, '1395252475', 33),
(9537, '1395475635', 33),
(9538, '1396827394', 33),
(9539, '1400118338', 33),
(9540, '1412620612', 33),
(9541, '1416734385', 33),
(9542, '1439907637', 33),
(9543, '1442042437', 33),
(9544, '1447696892', 33),
(9545, '1472581808', 33),
(9546, '1475002729', 33),
(9547, '1481992369', 33),
(9548, '1495455527', 33),
(9549, '1498264750', 33),
(9550, '1528065758', 33),
(9551, '1530879703', 33),
(9552, '1543952508', 33),
(9553, '1550716821', 33),
(9554, '1553227464', 33),
(9555, '1564746864', 33),
(9556, '1568702832', 33),
(9557, '1593368893', 33),
(9558, '1594372748', 33),
(9559, '1595362999', 33),
(9560, '1609399019', 33),
(9561, '1626512446', 33),
(9562, '1637061615', 33),
(9563, '1638200159', 33),
(9564, '1646291787', 33),
(9565, '1652180403', 33),
(9566, '1661782234', 33),
(9567, '1672182208', 33),
(9568, '1686109652', 33),
(9569, '1694602289', 33),
(9570, '1701040153', 33),
(9571, '1703066314', 33),
(9572, '1709419847', 33),
(9573, '1719327367', 33),
(9574, '1726341792', 33),
(9575, '1729914695', 33),
(9576, '1730086154', 33),
(9577, '1732590494', 33),
(9578, '1735611120', 33),
(9579, '1738616321', 33),
(9580, '1744281094', 33),
(9581, '1759591129', 33),
(9582, '1780988001', 33),
(9583, '1783869631', 33),
(9584, '1807606916', 33),
(9585, '1808833052', 33),
(9586, '1809999340', 33),
(9587, '1813210698', 33),
(9588, '1822506880', 33),
(9589, '1826638427', 33),
(9590, '1845062011', 33),
(9591, '100000000353102', 33),
(9592, '100000014287077', 33),
(9593, '100000041727779', 33),
(9594, '100000053383243', 33),
(9595, '100000068630305', 33),
(9596, '100000167439431', 33),
(9597, '100000175991067', 33),
(9598, '100000181652330', 33),
(9599, '100000197964083', 33),
(9600, '100000213276870', 33),
(9601, '100000219159733', 33),
(9602, '100000221187771', 33),
(9603, '100000252542430', 33),
(9604, '100000309607127', 33),
(9605, '100000345407181', 33),
(9606, '100000368726387', 33),
(9607, '100000370460570', 33),
(9608, '100000377929470', 33),
(9609, '100000597734613', 33),
(9610, '100000678431010', 33),
(9611, '100000688149498', 33),
(9612, '100000692554680', 33),
(9613, '100000728071081', 33),
(9614, '100000860477685', 33),
(9615, '100000991078687', 33),
(9616, '100000998093761', 33),
(9617, '100001033016384', 33),
(9618, '100001070424075', 33),
(9619, '100001071452474', 33),
(9620, '100001147908829', 33),
(9621, '100001190067901', 33),
(9622, '100001195711271', 33),
(9623, '100001285549786', 33),
(9624, '100001289313227', 33),
(9625, '100001301255856', 33),
(9626, '100001312029845', 33),
(9627, '100001358912895', 33),
(9628, '100001369656898', 33),
(9629, '100001373001468', 33),
(9630, '100001402339140', 33),
(9631, '100001451678301', 33),
(9632, '100001472718903', 33),
(9633, '100001480483679', 33),
(9634, '100001518773986', 33),
(9635, '100001539734586', 33),
(9636, '100001543551212', 33),
(9637, '100001553151811', 33),
(9638, '100001569225475', 33),
(9639, '100001575111440', 33),
(9640, '100001628475543', 33),
(9641, '100001670686878', 33),
(9642, '100001678826194', 33),
(9643, '100001688721761', 33),
(9644, '100001738474365', 33),
(9645, '100001765006060', 33),
(9646, '100001827828402', 33),
(9647, '100001856018852', 33),
(9648, '100001890242382', 33),
(9649, '100001892865922', 33),
(9650, '100001897252098', 33),
(9651, '100001948087406', 33),
(9652, '100001972911534', 33),
(9653, '100001981530051', 33),
(9654, '100002014312779', 33),
(9655, '100002015493897', 33),
(9656, '100002051708282', 33),
(9657, '100002090935153', 33),
(9658, '100002156470798', 33),
(9659, '100002197642144', 33),
(9660, '100002218506125', 33),
(9661, '100002247729470', 33),
(9662, '100002300800524', 33),
(9663, '100002328150620', 33),
(9664, '100002336950671', 33),
(9665, '100002424549979', 33),
(9666, '100002445074975', 33),
(9667, '100002485996118', 33),
(9668, '100002491823409', 33),
(9669, '100002497099452', 33),
(9670, '100002517120694', 33),
(9671, '100002522763530', 33),
(9672, '100002536933317', 33),
(9673, '100002601422110', 33),
(9674, '100002679660236', 33),
(9675, '100002727406267', 33),
(9676, '100002894704940', 33),
(9677, '100002904081643', 33),
(9678, '100003059145919', 33),
(9679, '100003080762000', 33),
(9680, '100003094144352', 33),
(9681, '100003172912108', 33),
(9682, '100003235260084', 33),
(9683, '100003354524136', 33),
(9684, '100003487042249', 33),
(9685, '100003539317572', 33),
(9686, '100003588990744', 33),
(9687, '100003593591118', 33),
(9688, '100003615362781', 33),
(9689, '100003631103732', 33),
(9690, '100003632646453', 33),
(9691, '100003791706349', 33),
(9692, '100003834109498', 33),
(9693, '100003908807630', 33),
(9694, '100004005823083', 33),
(9695, '100004050806647', 33),
(9696, '100004066761323', 33),
(9697, '100004091202182', 33),
(9698, '100004161723285', 33),
(9699, '100004169019131', 33),
(9700, '100004187104510', 33),
(9701, '100004210087529', 33),
(9702, '100004249839545', 33),
(9703, '100004263421673', 33),
(9704, '100004306086991', 33),
(9705, '100004396773157', 33),
(9706, '100004449192999', 33),
(9707, '100004465568805', 33),
(9708, '100004481647180', 33),
(9709, '100004496490152', 33),
(9710, '100004496591197', 33),
(9711, '100004497159917', 33),
(9712, '100004504871986', 33),
(9713, '100004570956939', 33),
(9714, '100004573716821', 33),
(9715, '100004594243739', 33),
(9716, '100004763700663', 33),
(9717, '100004778017982', 33),
(9718, '100004788096470', 33),
(9719, '100004794634171', 33),
(9720, '100004800754379', 33),
(9721, '100004830543106', 33),
(9722, '100004918831974', 33),
(9723, '100004946584825', 33),
(9724, '100004999453410', 33),
(9725, '100005021674803', 33),
(9726, '100005096739500', 33),
(9727, '100005107028900', 33),
(9728, '100005111112293', 33),
(9729, '100005213584639', 33);

-- --------------------------------------------------------

--
-- Table structure for table `post`
--

CREATE TABLE IF NOT EXISTS `post` (
  `id` bigint(20) NOT NULL AUTO_INCREMENT,
  `friend` bigint(20) NOT NULL,
  `category` bigint(20) NOT NULL,
  `seen` bigint(20) NOT NULL,
  `not_seen` bigint(20) NOT NULL,
  PRIMARY KEY (`id`),
  KEY `friend_id` (`friend`,`category`),
  KEY `category` (`category`)
) ENGINE=InnoDB  DEFAULT CHARSET=utf8 AUTO_INCREMENT=15637 ;

--
-- Dumping data for table `post`
--

INSERT INTO `post` (`id`, `friend`, `category`, `seen`, `not_seen`) VALUES
(14681, 9060, 3, 0, 2),
(14682, 9060, 8, 0, 2),
(14683, 9061, 8, 0, 0),
(14684, 9062, 2, 0, 3),
(14685, 9062, 3, 2, 2),
(14686, 9062, 5, 1, 0),
(14687, 9062, 8, 3, 5),
(14688, 9063, 3, 0, 1),
(14689, 9063, 8, 0, 1),
(14690, 9064, 8, 0, 0),
(14691, 9065, 8, 0, 0),
(14692, 9066, 8, 0, 0),
(14693, 9067, 8, 0, 0),
(14694, 9068, 8, 0, 0),
(14695, 9069, 8, 0, 0),
(14696, 9070, 8, 0, 0),
(14697, 9071, 8, 0, 0),
(14698, 9072, 8, 0, 0),
(14699, 9073, 8, 0, 0),
(14700, 9074, 3, 0, 2),
(14701, 9074, 8, 0, 2),
(14702, 9075, 8, 0, 0),
(14703, 9076, 8, 0, 0),
(14704, 9077, 2, 15, 1),
(14705, 9077, 3, 4, 2),
(14706, 9077, 4, 8, 1),
(14707, 9077, 8, 27, 4),
(14708, 9078, 8, 0, 0),
(14709, 9079, 8, 0, 0),
(14710, 9080, 2, 1, 0),
(14711, 9080, 8, 1, 0),
(14712, 9081, 8, 0, 0),
(14713, 9082, 8, 0, 0),
(14714, 9083, 8, 0, 0),
(14715, 9084, 3, 1, 1),
(14716, 9084, 4, 1, 0),
(14717, 9084, 8, 2, 1),
(14718, 9085, 8, 0, 0),
(14719, 9086, 8, 0, 0),
(14720, 9087, 8, 0, 0),
(14721, 9088, 2, 3, 1),
(14722, 9088, 3, 1, 1),
(14723, 9088, 4, 1, 0),
(14724, 9088, 8, 5, 2),
(14725, 9089, 8, 0, 0),
(14726, 9090, 3, 0, 1),
(14727, 9090, 8, 0, 1),
(14728, 9091, 2, 0, 1),
(14729, 9091, 8, 0, 1),
(14730, 9092, 8, 0, 0),
(14731, 9093, 8, 0, 0),
(14732, 9094, 2, 1, 2),
(14733, 9094, 3, 2, 1),
(14734, 9094, 4, 3, 0),
(14735, 9094, 8, 6, 3),
(14736, 9095, 8, 0, 0),
(14737, 9096, 5, 1, 0),
(14738, 9096, 8, 1, 0),
(14739, 9097, 2, 1, 0),
(14740, 9097, 3, 1, 0),
(14741, 9097, 4, 2, 0),
(14742, 9097, 8, 4, 0),
(14743, 9098, 8, 0, 0),
(14744, 9099, 8, 0, 0),
(14745, 9100, 3, 0, 1),
(14746, 9100, 8, 0, 1),
(14747, 9101, 3, 1, 1),
(14748, 9101, 8, 1, 1),
(14749, 9102, 3, 0, 2),
(14750, 9102, 8, 0, 2),
(14751, 9103, 8, 0, 0),
(14752, 9104, 8, 0, 0),
(14753, 9105, 8, 0, 0),
(14754, 9106, 8, 0, 0),
(14755, 9107, 8, 0, 0),
(14756, 9108, 2, 4, 1),
(14757, 9108, 8, 4, 1),
(14758, 9109, 2, 1, 1),
(14759, 9109, 3, 1, 0),
(14760, 9109, 8, 2, 1),
(14761, 9110, 8, 0, 0),
(14762, 9111, 8, 0, 0),
(14763, 9112, 8, 0, 0),
(14764, 9113, 2, 0, 1),
(14765, 9113, 8, 0, 1),
(14766, 9114, 3, 0, 2),
(14767, 9114, 8, 0, 2),
(14768, 9115, 8, 0, 0),
(14769, 9116, 8, 0, 0),
(14770, 9117, 2, 0, 1),
(14771, 9117, 8, 0, 1),
(14772, 9118, 3, 1, 0),
(14773, 9118, 8, 1, 0),
(14774, 9119, 8, 0, 0),
(14775, 9120, 2, 0, 1),
(14776, 9120, 8, 0, 1),
(14777, 9121, 8, 0, 0),
(14778, 9122, 8, 0, 0),
(14779, 9123, 8, 0, 0),
(14780, 9124, 3, 0, 1),
(14781, 9124, 8, 0, 1),
(14782, 9125, 2, 0, 1),
(14783, 9125, 8, 0, 1),
(14784, 9126, 3, 1, 1),
(14785, 9126, 8, 1, 1),
(14786, 9127, 4, 1, 0),
(14787, 9127, 8, 1, 0),
(14788, 9128, 3, 3, 1),
(14789, 9128, 8, 3, 1),
(14790, 9129, 2, 0, 1),
(14791, 9129, 3, 0, 1),
(14792, 9129, 5, 1, 0),
(14793, 9129, 8, 1, 2),
(14794, 9130, 8, 0, 0),
(14795, 9131, 8, 0, 0),
(14796, 9132, 8, 0, 0),
(14797, 9133, 3, 1, 0),
(14798, 9133, 8, 1, 0),
(14799, 9134, 8, 0, 0),
(14800, 9135, 3, 0, 1),
(14801, 9135, 8, 0, 1),
(14802, 9136, 2, 0, 1),
(14803, 9136, 3, 0, 1),
(14804, 9136, 8, 0, 2),
(14805, 9137, 3, 0, 1),
(14806, 9137, 8, 0, 1),
(14807, 9138, 8, 0, 0),
(14808, 9139, 8, 0, 0),
(14809, 9140, 3, 0, 1),
(14810, 9140, 8, 0, 1),
(14811, 9141, 8, 0, 0),
(14812, 9142, 3, 1, 1),
(14813, 9142, 8, 1, 1),
(14814, 9143, 3, 2, 3),
(14815, 9143, 8, 2, 3),
(14816, 9144, 8, 0, 0),
(14817, 9145, 8, 0, 0),
(14818, 9146, 8, 0, 0),
(14819, 9147, 8, 0, 0),
(14820, 9148, 3, 0, 2),
(14821, 9148, 8, 0, 2),
(14822, 9149, 8, 0, 0),
(14823, 9150, 8, 0, 0),
(14824, 9151, 8, 0, 0),
(14825, 9152, 3, 1, 0),
(14826, 9152, 8, 1, 0),
(14827, 9153, 8, 0, 0),
(14828, 9154, 3, 0, 1),
(14829, 9154, 8, 0, 1),
(14830, 9155, 8, 0, 0),
(14831, 9156, 8, 0, 0),
(14832, 9157, 3, 1, 2),
(14833, 9157, 4, 1, 0),
(14834, 9157, 8, 2, 2),
(14835, 9158, 8, 0, 0),
(14836, 9159, 2, 0, 1),
(14837, 9159, 3, 1, 1),
(14838, 9159, 8, 1, 2),
(14839, 9160, 2, 0, 1),
(14840, 9160, 8, 0, 1),
(14841, 9161, 8, 0, 0),
(14842, 9162, 8, 0, 0),
(14843, 9163, 8, 0, 0),
(14844, 9164, 8, 0, 0),
(14845, 9165, 8, 0, 0),
(14846, 9166, 8, 0, 0),
(14847, 9167, 2, 2, 1),
(14848, 9167, 3, 1, 0),
(14849, 9167, 4, 2, 0),
(14850, 9167, 8, 5, 1),
(14851, 9168, 3, 0, 1),
(14852, 9168, 8, 0, 1),
(14853, 9169, 3, 0, 1),
(14854, 9169, 4, 1, 0),
(14855, 9169, 8, 1, 1),
(14856, 9170, 8, 0, 0),
(14857, 9171, 8, 0, 0),
(14858, 9172, 3, 0, 1),
(14859, 9172, 8, 0, 1),
(14860, 9173, 8, 0, 0),
(14861, 9174, 8, 0, 0),
(14862, 9175, 8, 0, 0),
(14863, 9176, 8, 0, 0),
(14864, 9177, 8, 0, 0),
(14865, 9178, 8, 0, 0),
(14866, 9179, 8, 0, 0),
(14867, 9180, 2, 0, 1),
(14868, 9180, 8, 0, 1),
(14869, 9181, 8, 0, 0),
(14870, 9182, 8, 0, 0),
(14871, 9183, 4, 0, 1),
(14872, 9183, 8, 0, 1),
(14873, 9184, 8, 0, 0),
(14874, 9185, 3, 0, 3),
(14875, 9185, 4, 0, 1),
(14876, 9185, 8, 0, 4),
(14877, 9186, 8, 0, 0),
(14878, 9187, 8, 0, 0),
(14879, 9188, 8, 0, 0),
(14880, 9189, 8, 0, 0),
(14881, 9190, 8, 0, 0),
(14882, 9191, 8, 0, 0),
(14883, 9192, 8, 0, 0),
(14884, 9193, 8, 0, 0),
(14885, 9194, 8, 0, 0),
(14886, 9195, 3, 0, 2),
(14887, 9195, 8, 0, 2),
(14888, 9196, 8, 0, 0),
(14889, 9197, 8, 0, 0),
(14890, 9198, 8, 0, 0),
(14891, 9199, 8, 0, 0),
(14892, 9200, 8, 0, 0),
(14893, 9201, 8, 0, 0),
(14894, 9202, 8, 0, 0),
(14895, 9203, 8, 0, 0),
(14896, 9204, 3, 0, 1),
(14897, 9204, 8, 0, 1),
(14898, 9205, 3, 0, 1),
(14899, 9205, 8, 0, 1),
(14900, 9206, 8, 0, 0),
(14901, 9207, 8, 0, 0),
(14902, 9208, 8, 0, 0),
(14903, 9209, 8, 0, 0),
(14904, 9210, 4, 1, 0),
(14905, 9210, 8, 1, 0),
(14906, 9211, 8, 0, 0),
(14907, 9212, 4, 1, 0),
(14908, 9212, 8, 1, 0),
(14909, 9213, 8, 0, 0),
(14910, 9214, 8, 0, 0),
(14911, 9215, 8, 0, 0),
(14912, 9216, 3, 0, 1),
(14913, 9216, 8, 0, 1),
(14914, 9217, 2, 1, 0),
(14915, 9217, 8, 1, 0),
(14916, 9218, 8, 0, 0),
(14917, 9219, 8, 0, 0),
(14918, 9220, 8, 0, 0),
(14919, 9221, 8, 0, 0),
(14920, 9222, 8, 0, 0),
(14921, 9223, 8, 0, 0),
(14922, 9224, 8, 0, 0),
(14923, 9225, 8, 0, 0),
(14924, 9226, 8, 0, 0),
(14925, 9227, 3, 1, 0),
(14926, 9227, 8, 1, 0),
(14927, 9228, 8, 0, 0),
(14928, 9229, 8, 0, 0),
(14929, 9230, 8, 0, 0),
(14930, 9231, 8, 0, 0),
(14931, 9232, 8, 0, 0),
(14932, 9233, 3, 0, 1),
(14933, 9233, 8, 0, 1),
(14934, 9234, 8, 0, 0),
(14935, 9235, 8, 0, 0),
(14936, 9236, 2, 1, 1),
(14937, 9236, 3, 0, 1),
(14938, 9236, 4, 1, 0),
(14939, 9236, 8, 2, 2),
(14940, 9237, 3, 0, 1),
(14941, 9237, 8, 0, 1),
(14942, 9238, 8, 0, 0),
(14943, 9239, 8, 0, 0),
(14944, 9240, 3, 0, 1),
(14945, 9240, 8, 0, 1),
(14946, 9241, 8, 0, 0),
(14947, 9242, 8, 0, 0),
(14948, 9243, 3, 0, 1),
(14949, 9243, 8, 0, 1),
(14950, 9244, 8, 0, 0),
(14951, 9245, 8, 0, 0),
(14952, 9246, 8, 0, 0),
(14953, 9247, 8, 0, 0),
(14954, 9248, 8, 0, 0),
(14955, 9249, 8, 0, 0),
(14956, 9250, 8, 0, 0),
(14957, 9251, 3, 1, 1),
(14958, 9251, 8, 1, 1),
(14959, 9252, 8, 0, 0),
(14960, 9253, 8, 0, 0),
(14961, 9254, 8, 0, 0),
(14962, 9255, 3, 0, 2),
(14963, 9255, 8, 0, 2),
(14964, 9256, 8, 0, 0),
(14965, 9257, 3, 0, 1),
(14966, 9257, 8, 0, 1),
(14967, 9258, 3, 0, 1),
(14968, 9258, 8, 0, 1),
(14969, 9259, 8, 0, 0),
(14970, 9260, 8, 0, 0),
(14971, 9261, 8, 0, 0),
(14972, 9262, 8, 0, 0),
(14973, 9263, 8, 0, 0),
(14974, 9264, 3, 0, 1),
(14975, 9264, 4, 1, 0),
(14976, 9264, 8, 1, 1),
(14977, 9265, 8, 0, 0),
(14978, 9266, 8, 0, 0),
(14979, 9267, 3, 0, 1),
(14980, 9267, 8, 0, 1),
(14981, 9268, 8, 0, 0),
(14982, 9269, 8, 0, 0),
(14983, 9270, 8, 0, 0),
(14984, 9271, 8, 0, 0),
(14985, 9272, 3, 1, 0),
(14986, 9272, 8, 1, 0),
(14987, 9273, 8, 0, 0),
(14988, 9274, 8, 0, 0),
(14989, 9275, 8, 0, 0),
(14990, 9276, 8, 0, 0),
(14991, 9277, 2, 2, 0),
(14992, 9277, 3, 0, 1),
(14993, 9277, 4, 3, -1),
(14994, 9277, 8, 5, 0),
(14995, 9278, 8, 0, 0),
(14996, 9279, 8, 0, 0),
(14997, 9280, 8, 0, 0),
(14998, 9281, 8, 0, 0),
(14999, 9282, 3, 0, 1),
(15000, 9282, 8, 0, 1),
(15001, 9283, 2, 0, 2),
(15002, 9283, 4, 1, 0),
(15003, 9283, 8, 1, 2),
(15004, 9284, 8, 0, 0),
(15005, 9285, 8, 0, 0),
(15006, 9286, 3, 0, 1),
(15007, 9286, 4, 1, 0),
(15008, 9286, 8, 1, 1),
(15009, 9287, 2, 0, 1),
(15010, 9287, 8, 0, 1),
(15011, 9288, 8, 0, 0),
(15012, 9289, 8, 0, 0),
(15013, 9290, 8, 0, 0),
(15014, 9291, 2, 0, 2),
(15015, 9291, 4, 1, 0),
(15016, 9291, 8, 1, 2),
(15017, 9292, 8, 0, 0),
(15018, 9293, 2, 0, 1),
(15019, 9293, 3, 1, 2),
(15020, 9293, 4, 1, 0),
(15021, 9293, 8, 2, 3),
(15022, 9294, 8, 0, 0),
(15023, 9295, 3, 0, 1),
(15024, 9295, 8, 0, 1),
(15025, 9296, 3, 0, 1),
(15026, 9296, 8, 0, 1),
(15027, 9297, 8, 0, 0),
(15028, 9298, 3, 0, 3),
(15029, 9298, 8, 0, 3),
(15030, 9299, 3, 0, 1),
(15031, 9299, 4, 1, 0),
(15032, 9299, 8, 1, 1),
(15033, 9300, 8, 0, 0),
(15034, 9301, 8, 0, 0),
(15035, 9302, 8, 0, 0),
(15036, 9303, 8, 0, 0),
(15037, 9304, 8, 0, 0),
(15038, 9305, 8, 0, 0),
(15039, 9306, 8, 0, 0),
(15040, 9307, 8, 0, 0),
(15041, 9308, 8, 0, 0),
(15042, 9309, 8, 0, 0),
(15043, 9310, 8, 0, 0),
(15044, 9311, 8, 0, 0),
(15045, 9312, 8, 0, 0),
(15046, 9313, 2, 1, 0),
(15047, 9313, 3, 0, 2),
(15048, 9313, 8, 1, 2),
(15049, 9314, 8, 0, 0),
(15050, 9315, 8, 0, 0),
(15051, 9316, 3, 2, 10),
(15052, 9316, 4, 1, 0),
(15053, 9316, 8, 3, 10),
(15054, 9317, 8, 0, 0),
(15055, 9318, 8, 0, 0),
(15056, 9319, 3, 0, 1),
(15057, 9319, 8, 0, 1),
(15058, 9320, 8, 0, 0),
(15059, 9321, 8, 0, 0),
(15060, 9322, 3, 0, 1),
(15061, 9322, 8, 0, 1),
(15062, 9323, 8, 0, 0),
(15063, 9324, 8, 0, 0),
(15064, 9325, 8, 0, 0),
(15065, 9326, 8, 0, 0),
(15066, 9327, 8, 0, 0),
(15067, 9328, 8, 0, 0),
(15068, 9329, 8, 0, 0),
(15069, 9330, 8, 0, 0),
(15070, 9331, 8, 0, 0),
(15071, 9332, 8, 0, 0),
(15072, 9333, 8, 0, 0),
(15073, 9334, 8, 0, 0),
(15074, 9335, 3, 0, 1),
(15075, 9335, 8, 0, 1),
(15076, 9336, 8, 0, 0),
(15077, 9337, 8, 0, 0),
(15078, 9338, 8, 0, 0),
(15079, 9339, 8, 0, 0),
(15080, 9340, 8, 0, 0),
(15081, 9341, 8, 0, 0),
(15082, 9342, 4, 0, 1),
(15083, 9342, 8, 0, 1),
(15084, 9343, 8, 0, 0),
(15085, 9344, 2, 0, 1),
(15086, 9344, 3, 0, 1),
(15087, 9344, 8, 0, 2),
(15088, 9345, 8, 0, 0),
(15089, 9346, 2, 0, 1),
(15090, 9346, 8, 0, 1),
(15091, 9347, 8, 0, 0),
(15092, 9348, 8, 0, 0),
(15093, 9349, 8, 0, 0),
(15094, 9350, 8, 0, 0),
(15095, 9351, 8, 0, 0),
(15096, 9352, 8, 0, 0),
(15097, 9353, 8, 0, 0),
(15098, 9354, 2, 0, 1),
(15099, 9354, 3, 0, 1),
(15100, 9354, 8, 0, 2),
(15101, 9355, 8, 0, 0),
(15102, 9356, 3, 1, 0),
(15103, 9356, 4, 2, -1),
(15104, 9356, 8, 3, -1),
(15105, 9357, 8, 0, 0),
(15106, 9358, 8, 0, 0),
(15107, 9359, 2, 0, 1),
(15108, 9359, 8, 0, 1),
(15109, 9360, 3, 1, 0),
(15110, 9360, 8, 1, 0),
(15111, 9361, 8, 0, 0),
(15112, 9362, 8, 0, 0),
(15113, 9363, 8, 0, 0),
(15114, 9364, 8, 0, 0),
(15115, 9365, 8, 0, 0),
(15116, 9366, 8, 0, 0),
(15117, 9367, 8, 0, 0),
(15118, 9368, 8, 0, 0),
(15119, 9369, 8, 0, 0),
(15120, 9370, 8, 0, 0),
(15121, 9371, 8, 0, 0),
(15122, 9372, 8, 0, 0),
(15123, 9373, 8, 0, 0),
(15124, 9374, 2, 0, 1),
(15125, 9374, 3, 0, 2),
(15126, 9374, 4, 1, 0),
(15127, 9374, 8, 1, 3),
(15128, 9375, 8, 0, 0),
(15129, 9376, 2, 1, 1),
(15130, 9376, 5, 2, 0),
(15131, 9376, 4, 1, 0),
(15132, 9376, 8, 4, 1),
(15133, 9377, 8, 0, 0),
(15134, 9378, 4, 0, 1),
(15135, 9378, 8, 0, 1),
(15136, 9379, 3, 0, 1),
(15137, 9379, 8, 0, 1),
(15138, 9380, 8, 0, 0),
(15139, 9381, 8, 0, 0),
(15140, 9382, 8, 0, 0),
(15141, 9383, 8, 0, 0),
(15142, 9384, 8, 0, 0),
(15143, 9385, 8, 0, 0),
(15144, 9386, 8, 0, 0),
(15145, 9387, 8, 0, 0),
(15146, 9388, 8, 0, 0),
(15147, 9389, 8, 0, 0),
(15148, 9390, 8, 0, 0),
(15149, 9391, 8, 0, 0),
(15150, 9392, 8, 0, 0),
(15151, 9393, 8, 0, 0),
(15152, 9394, 8, 0, 0),
(15153, 9395, 3, 0, 2),
(15154, 9395, 8, 0, 2),
(15155, 9396, 8, 0, 0),
(15156, 9397, 2, 0, 3),
(15157, 9397, 3, 2, 2),
(15158, 9397, 5, 1, 0),
(15159, 9397, 8, 3, 5),
(15160, 9398, 3, 0, 1),
(15161, 9398, 8, 0, 1),
(15162, 9399, 8, 0, 0),
(15163, 9400, 8, 0, 0),
(15164, 9401, 8, 0, 0),
(15165, 9402, 8, 0, 0),
(15166, 9403, 8, 0, 0),
(15167, 9404, 8, 0, 0),
(15168, 9405, 8, 0, 0),
(15169, 9406, 8, 0, 0),
(15170, 9407, 8, 0, 0),
(15171, 9408, 8, 0, 0),
(15172, 9409, 3, 0, 2),
(15173, 9409, 8, 0, 2),
(15174, 9410, 3, 0, 1),
(15175, 9410, 8, 0, 1),
(15176, 9411, 8, 0, 0),
(15177, 9412, 2, 15, 1),
(15178, 9412, 3, 5, 2),
(15179, 9412, 4, 8, 1),
(15180, 9412, 8, 28, 4),
(15181, 9413, 8, 0, 0),
(15182, 9414, 8, 0, 0),
(15183, 9415, 2, 1, 0),
(15184, 9415, 8, 1, 0),
(15185, 9416, 8, 0, 0),
(15186, 9417, 8, 0, 0),
(15187, 9418, 8, 0, 0),
(15188, 9419, 3, 1, 1),
(15189, 9419, 4, 1, 0),
(15190, 9419, 8, 2, 1),
(15191, 9420, 8, 0, 0),
(15192, 9421, 8, 0, 0),
(15193, 9422, 8, 0, 0),
(15194, 9423, 2, 4, 1),
(15195, 9423, 3, 1, 1),
(15196, 9423, 4, 1, 0),
(15197, 9423, 8, 6, 2),
(15198, 9424, 8, 0, 0),
(15199, 9425, 3, 0, 1),
(15200, 9425, 8, 0, 1),
(15201, 9426, 3, 0, 1),
(15202, 9426, 8, 0, 1),
(15203, 9427, 8, 0, 0),
(15204, 9428, 8, 0, 0),
(15205, 9429, 2, 1, 2),
(15206, 9429, 3, 3, 1),
(15207, 9429, 4, 3, 0),
(15208, 9429, 8, 7, 3),
(15209, 9430, 8, 0, 0),
(15210, 9431, 5, 1, 0),
(15211, 9431, 8, 1, 0),
(15212, 9432, 2, 1, 0),
(15213, 9432, 3, 1, 0),
(15214, 9432, 4, 2, 0),
(15215, 9432, 8, 4, 0),
(15216, 9433, 8, 0, 0),
(15217, 9434, 8, 0, 0),
(15218, 9435, 3, 0, 2),
(15219, 9435, 8, 0, 2),
(15220, 9436, 3, 1, 1),
(15221, 9436, 8, 1, 1),
(15222, 9437, 3, 0, 2),
(15223, 9437, 8, 0, 2),
(15224, 9438, 8, 0, 0),
(15225, 9439, 8, 0, 0),
(15226, 9440, 8, 0, 0),
(15227, 9441, 8, 0, 0),
(15228, 9442, 8, 0, 0),
(15229, 9443, 2, 4, 1),
(15230, 9443, 8, 4, 1),
(15231, 9444, 2, 1, 2),
(15232, 9444, 3, 1, 1),
(15233, 9444, 4, 1, 0),
(15234, 9444, 8, 3, 3),
(15235, 9445, 8, 0, 0),
(15236, 9446, 8, 0, 0),
(15237, 9447, 8, 0, 0),
(15238, 9448, 2, 0, 1),
(15239, 9448, 8, 0, 1),
(15240, 9449, 3, 0, 2),
(15241, 9449, 8, 0, 2),
(15242, 9450, 8, 0, 0),
(15243, 9451, 8, 0, 0),
(15244, 9452, 2, 0, 1),
(15245, 9452, 8, 0, 1),
(15246, 9453, 3, 1, 0),
(15247, 9453, 8, 1, 0),
(15248, 9454, 8, 0, 0),
(15249, 9455, 2, 0, 1),
(15250, 9455, 8, 0, 1),
(15251, 9456, 8, 0, 0),
(15252, 9457, 4, 1, 0),
(15253, 9457, 8, 1, 0),
(15254, 9458, 8, 0, 0),
(15255, 9459, 3, 0, 1),
(15256, 9459, 8, 0, 1),
(15257, 9460, 2, 0, 2),
(15258, 9460, 8, 0, 2),
(15259, 9461, 3, 1, 1),
(15260, 9461, 8, 1, 1),
(15261, 9462, 4, 1, 0),
(15262, 9462, 8, 1, 0),
(15263, 9463, 3, 3, 1),
(15264, 9463, 8, 3, 1),
(15265, 9464, 2, 0, 1),
(15266, 9464, 3, 0, 1),
(15267, 9464, 5, 1, 0),
(15268, 9464, 8, 1, 2),
(15269, 9465, 8, 0, 0),
(15270, 9466, 8, 0, 0),
(15271, 9467, 8, 0, 0),
(15272, 9468, 3, 1, 0),
(15273, 9468, 8, 1, 0),
(15274, 9469, 8, 0, 0),
(15275, 9470, 3, 0, 1),
(15276, 9470, 8, 0, 1),
(15277, 9471, 2, 0, 1),
(15278, 9471, 3, 0, 1),
(15279, 9471, 8, 0, 2),
(15280, 9472, 3, 0, 1),
(15281, 9472, 8, 0, 1),
(15282, 9473, 8, 0, 0),
(15283, 9474, 8, 0, 0),
(15284, 9475, 3, 0, 1),
(15285, 9475, 8, 0, 1),
(15286, 9476, 8, 0, 0),
(15287, 9477, 3, 1, 1),
(15288, 9477, 8, 1, 1),
(15289, 9478, 3, 2, 3),
(15290, 9478, 8, 2, 3),
(15291, 9479, 8, 0, 0),
(15292, 9480, 8, 0, 0),
(15293, 9481, 8, 0, 0),
(15294, 9482, 8, 0, 0),
(15295, 9483, 3, 0, 2),
(15296, 9483, 8, 0, 2),
(15297, 9484, 8, 0, 0),
(15298, 9485, 8, 0, 0),
(15299, 9486, 8, 0, 0),
(15300, 9487, 3, 1, 0),
(15301, 9487, 8, 1, 0),
(15302, 9488, 8, 0, 0),
(15303, 9489, 3, 0, 1),
(15304, 9489, 8, 0, 1),
(15305, 9490, 8, 0, 0),
(15306, 9491, 8, 0, 0),
(15307, 9492, 3, 1, 2),
(15308, 9492, 4, 1, 0),
(15309, 9492, 8, 2, 2),
(15310, 9493, 8, 0, 0),
(15311, 9494, 2, 0, 1),
(15312, 9494, 3, 1, 1),
(15313, 9494, 8, 1, 2),
(15314, 9495, 2, 0, 1),
(15315, 9495, 8, 0, 1),
(15316, 9496, 8, 0, 0),
(15317, 9497, 8, 0, 0),
(15318, 9498, 8, 0, 0),
(15319, 9499, 8, 0, 0),
(15320, 9500, 8, 0, 0),
(15321, 9501, 8, 0, 0),
(15322, 9502, 2, 2, 1),
(15323, 9502, 3, 1, 0),
(15324, 9502, 4, 2, 0),
(15325, 9502, 8, 5, 1),
(15326, 9503, 3, 0, 2),
(15327, 9503, 8, 0, 2),
(15328, 9504, 3, 0, 1),
(15329, 9504, 4, 1, 0),
(15330, 9504, 8, 1, 1),
(15331, 9505, 8, 0, 0),
(15332, 9506, 8, 0, 0),
(15333, 9507, 3, 0, 1),
(15334, 9507, 8, 0, 1),
(15335, 9508, 8, 0, 0),
(15336, 9509, 3, 0, 1),
(15337, 9509, 8, 0, 1),
(15338, 9510, 8, 0, 0),
(15339, 9511, 8, 0, 0),
(15340, 9512, 8, 0, 0),
(15341, 9513, 8, 0, 0),
(15342, 9514, 8, 0, 0),
(15343, 9515, 2, 0, 1),
(15344, 9515, 8, 0, 1),
(15345, 9516, 8, 0, 0),
(15346, 9517, 8, 0, 0),
(15347, 9518, 3, 0, 2),
(15348, 9518, 4, 0, 1),
(15349, 9518, 8, 0, 3),
(15350, 9519, 8, 0, 0),
(15351, 9520, 2, 0, 1),
(15352, 9520, 3, 0, 3),
(15353, 9520, 4, 0, 1),
(15354, 9520, 8, 0, 5),
(15355, 9521, 8, 0, 0),
(15356, 9522, 8, 0, 0),
(15357, 9523, 8, 0, 0),
(15358, 9524, 8, 0, 0),
(15359, 9525, 8, 0, 0),
(15360, 9526, 8, 0, 0),
(15361, 9527, 8, 0, 0),
(15362, 9528, 8, 0, 0),
(15363, 9529, 8, 0, 0),
(15364, 9530, 3, 0, 2),
(15365, 9530, 8, 0, 2),
(15366, 9531, 8, 0, 0),
(15367, 9532, 8, 0, 0),
(15368, 9533, 8, 0, 0),
(15369, 9534, 8, 0, 0),
(15370, 9535, 8, 0, 0),
(15371, 9536, 8, 0, 0),
(15372, 9537, 8, 0, 0),
(15373, 9538, 8, 0, 0),
(15374, 9539, 3, 0, 1),
(15375, 9539, 8, 0, 1),
(15376, 9540, 3, 0, 1),
(15377, 9540, 8, 0, 1),
(15378, 9541, 8, 0, 0),
(15379, 9542, 8, 0, 0),
(15380, 9543, 8, 0, 0),
(15381, 9544, 8, 0, 0),
(15382, 9545, 4, 1, 0),
(15383, 9545, 8, 1, 0),
(15384, 9546, 8, 0, 0),
(15385, 9547, 4, 1, 0),
(15386, 9547, 8, 1, 0),
(15387, 9548, 8, 0, 0),
(15388, 9549, 8, 0, 0),
(15389, 9550, 8, 0, 0),
(15390, 9551, 3, 0, 1),
(15391, 9551, 8, 0, 1),
(15392, 9552, 2, 1, 0),
(15393, 9552, 8, 1, 0),
(15394, 9553, 8, 0, 0),
(15395, 9554, 8, 0, 0),
(15396, 9555, 8, 0, 0),
(15397, 9556, 8, 0, 0),
(15398, 9557, 8, 0, 0),
(15399, 9558, 8, 0, 0),
(15400, 9559, 8, 0, 0),
(15401, 9560, 8, 0, 0),
(15402, 9561, 8, 0, 0),
(15403, 9562, 3, 1, 0),
(15404, 9562, 8, 1, 0),
(15405, 9563, 8, 0, 0),
(15406, 9564, 8, 0, 0),
(15407, 9565, 4, 1, 0),
(15408, 9565, 8, 1, 0),
(15409, 9566, 8, 0, 0),
(15410, 9567, 8, 0, 0),
(15411, 9568, 3, 0, 1),
(15412, 9568, 8, 0, 1),
(15413, 9569, 8, 0, 0),
(15414, 9570, 8, 0, 0),
(15415, 9571, 2, 1, 1),
(15416, 9571, 3, 0, 1),
(15417, 9571, 4, 1, 0),
(15418, 9571, 8, 2, 2),
(15419, 9572, 3, 0, 1),
(15420, 9572, 8, 0, 1),
(15421, 9573, 8, 0, 0),
(15422, 9574, 8, 0, 0),
(15423, 9575, 3, 0, 1),
(15424, 9575, 8, 0, 1),
(15425, 9576, 3, 0, 2),
(15426, 9576, 8, 0, 2),
(15427, 9577, 8, 0, 0),
(15428, 9578, 3, 0, 2),
(15429, 9578, 8, 0, 2),
(15430, 9579, 8, 0, 0),
(15431, 9580, 8, 0, 0),
(15432, 9581, 8, 0, 0),
(15433, 9582, 8, 0, 0),
(15434, 9583, 8, 0, 0),
(15435, 9584, 8, 0, 0),
(15436, 9585, 8, 0, 0),
(15437, 9586, 3, 1, 1),
(15438, 9586, 8, 1, 1),
(15439, 9587, 8, 0, 0),
(15440, 9588, 8, 0, 0),
(15441, 9589, 8, 0, 0),
(15442, 9590, 2, 1, 0),
(15443, 9590, 3, 0, 2),
(15444, 9590, 8, 1, 2),
(15445, 9591, 8, 0, 0),
(15446, 9592, 3, 0, 1),
(15447, 9592, 8, 0, 1),
(15448, 9593, 3, 0, 1),
(15449, 9593, 8, 0, 1),
(15450, 9594, 8, 0, 0),
(15451, 9595, 8, 0, 0),
(15452, 9596, 8, 0, 0),
(15453, 9597, 8, 0, 0),
(15454, 9598, 8, 0, 0),
(15455, 9599, 2, 1, 0),
(15456, 9599, 3, 0, 2),
(15457, 9599, 4, 1, 0),
(15458, 9599, 8, 2, 2),
(15459, 9600, 8, 0, 0),
(15460, 9601, 8, 0, 0),
(15461, 9602, 3, 0, 1),
(15462, 9602, 8, 0, 1),
(15463, 9603, 8, 0, 0),
(15464, 9604, 8, 0, 0),
(15465, 9605, 8, 0, 0),
(15466, 9606, 8, 0, 0),
(15467, 9607, 3, 1, 0),
(15468, 9607, 8, 1, 0),
(15469, 9608, 8, 0, 0),
(15470, 9609, 8, 0, 0),
(15471, 9610, 8, 0, 0),
(15472, 9611, 8, 0, 0),
(15473, 9612, 2, 3, 0),
(15474, 9612, 3, 0, 3),
(15475, 9612, 4, 3, -1),
(15476, 9612, 8, 6, 2),
(15477, 9613, 8, 0, 0),
(15478, 9614, 8, 0, 0),
(15479, 9615, 8, 0, 0),
(15480, 9616, 8, 0, 0),
(15481, 9617, 3, 0, 1),
(15482, 9617, 8, 0, 1),
(15483, 9618, 2, 0, 2),
(15484, 9618, 4, 1, 0),
(15485, 9618, 8, 1, 2),
(15486, 9619, 8, 0, 0),
(15487, 9620, 8, 0, 0),
(15488, 9621, 3, 0, 1),
(15489, 9621, 4, 1, 0),
(15490, 9621, 8, 1, 1),
(15491, 9622, 2, 0, 1),
(15492, 9622, 8, 0, 1),
(15493, 9623, 8, 0, 0),
(15494, 9624, 8, 0, 0),
(15495, 9625, 8, 0, 0),
(15496, 9626, 2, 0, 2),
(15497, 9626, 4, 1, 0),
(15498, 9626, 8, 1, 2),
(15499, 9627, 8, 0, 0),
(15500, 9628, 2, 0, 1),
(15501, 9628, 3, 1, 2),
(15502, 9628, 4, 1, 0),
(15503, 9628, 8, 2, 3),
(15504, 9629, 8, 0, 0),
(15505, 9630, 3, 0, 1),
(15506, 9630, 8, 0, 1),
(15507, 9631, 3, 0, 1),
(15508, 9631, 8, 0, 1),
(15509, 9632, 8, 0, 0),
(15510, 9633, 3, 0, 3),
(15511, 9633, 8, 0, 3),
(15512, 9634, 3, 0, 1),
(15513, 9634, 4, 1, 0),
(15514, 9634, 8, 1, 1),
(15515, 9635, 8, 0, 0),
(15516, 9636, 8, 0, 0),
(15517, 9637, 8, 0, 0),
(15518, 9638, 8, 0, 0),
(15519, 9639, 8, 0, 0),
(15520, 9640, 8, 0, 0),
(15521, 9641, 8, 0, 0),
(15522, 9642, 8, 0, 0),
(15523, 9643, 8, 0, 0),
(15524, 9644, 8, 0, 0),
(15525, 9645, 8, 0, 0),
(15526, 9646, 8, 0, 0),
(15527, 9647, 8, 0, 0),
(15528, 9648, 2, 1, 0),
(15529, 9648, 3, 0, 2),
(15530, 9648, 8, 1, 2),
(15531, 9649, 8, 0, 0),
(15532, 9650, 8, 0, 0),
(15533, 9651, 3, 2, 10),
(15534, 9651, 4, 1, 0),
(15535, 9651, 8, 3, 10),
(15536, 9652, 8, 0, 0),
(15537, 9653, 8, 0, 0),
(15538, 9654, 3, 0, 1),
(15539, 9654, 8, 0, 1),
(15540, 9655, 8, 0, 0),
(15541, 9656, 8, 0, 0),
(15542, 9657, 3, 0, 1),
(15543, 9657, 8, 0, 1),
(15544, 9658, 3, 0, 1),
(15545, 9658, 8, 0, 1),
(15546, 9659, 8, 0, 0),
(15547, 9660, 8, 0, 0),
(15548, 9661, 8, 0, 0),
(15549, 9662, 3, 0, 1),
(15550, 9662, 8, 0, 1),
(15551, 9663, 8, 0, 0),
(15552, 9664, 8, 0, 0),
(15553, 9665, 8, 0, 0),
(15554, 9666, 8, 0, 0),
(15555, 9667, 8, 0, 0),
(15556, 9668, 8, 0, 0),
(15557, 9669, 8, 0, 0),
(15558, 9670, 3, 0, 1),
(15559, 9670, 8, 0, 1),
(15560, 9671, 8, 0, 0),
(15561, 9672, 8, 0, 0),
(15562, 9673, 8, 0, 0),
(15563, 9674, 8, 0, 0),
(15564, 9675, 8, 0, 0),
(15565, 9676, 8, 0, 0),
(15566, 9677, 4, 0, 1),
(15567, 9677, 8, 0, 1),
(15568, 9678, 8, 0, 0),
(15569, 9679, 2, 0, 1),
(15570, 9679, 3, 0, 1),
(15571, 9679, 8, 0, 2),
(15572, 9680, 8, 0, 0),
(15573, 9681, 2, 0, 1),
(15574, 9681, 8, 0, 1),
(15575, 9682, 8, 0, 0),
(15576, 9683, 8, 0, 0),
(15577, 9684, 8, 0, 0),
(15578, 9685, 8, 0, 0),
(15579, 9686, 8, 0, 0),
(15580, 9687, 8, 0, 0),
(15581, 9688, 8, 0, 0),
(15582, 9689, 2, 0, 1),
(15583, 9689, 3, 0, 1),
(15584, 9689, 8, 0, 2),
(15585, 9690, 8, 0, 0),
(15586, 9691, 3, 1, 0),
(15587, 9691, 4, 2, -1),
(15588, 9691, 8, 3, -1),
(15589, 9692, 8, 0, 0),
(15590, 9693, 8, 0, 0),
(15591, 9694, 2, 0, 1),
(15592, 9694, 8, 0, 1),
(15593, 9695, 3, 1, 0),
(15594, 9695, 8, 1, 0),
(15595, 9696, 8, 0, 0),
(15596, 9697, 8, 0, 0),
(15597, 9698, 8, 0, 0),
(15598, 9699, 8, 0, 0),
(15599, 9700, 8, 0, 0),
(15600, 9701, 8, 0, 0),
(15601, 9702, 8, 0, 0),
(15602, 9703, 8, 0, 0),
(15603, 9704, 8, 0, 0),
(15604, 9705, 8, 0, 0),
(15605, 9706, 8, 0, 0),
(15606, 9707, 8, 0, 0),
(15607, 9708, 8, 0, 0),
(15608, 9709, 2, 0, 1),
(15609, 9709, 3, 0, 2),
(15610, 9709, 4, 1, 0),
(15611, 9709, 8, 1, 3),
(15612, 9710, 8, 0, 0),
(15613, 9711, 2, 1, 1),
(15614, 9711, 5, 2, 0),
(15615, 9711, 4, 1, 0),
(15616, 9711, 8, 4, 1),
(15617, 9712, 8, 0, 0),
(15618, 9713, 4, 0, 1),
(15619, 9713, 8, 0, 1),
(15620, 9714, 3, 0, 1),
(15621, 9714, 8, 0, 1),
(15622, 9715, 8, 0, 0),
(15623, 9716, 8, 0, 0),
(15624, 9717, 8, 0, 0),
(15625, 9718, 8, 0, 0),
(15626, 9719, 8, 0, 0),
(15627, 9720, 8, 0, 0),
(15628, 9721, 8, 0, 0),
(15629, 9722, 8, 0, 0),
(15630, 9723, 8, 0, 0),
(15631, 9724, 8, 0, 0),
(15632, 9725, 8, 0, 0),
(15633, 9726, 8, 0, 0),
(15634, 9727, 8, 0, 0),
(15635, 9728, 8, 0, 0),
(15636, 9729, 8, 0, 0);

-- --------------------------------------------------------

--
-- Table structure for table `user`
--

CREATE TABLE IF NOT EXISTS `user` (
  `id` bigint(20) NOT NULL AUTO_INCREMENT,
  `fbid` varchar(30) NOT NULL,
  `name` varchar(255) DEFAULT NULL,
  `start_time` datetime DEFAULT NULL,
  `end_time` datetime DEFAULT NULL,
  PRIMARY KEY (`id`)
) ENGINE=InnoDB  DEFAULT CHARSET=utf8 AUTO_INCREMENT=34 ;

--
-- Dumping data for table `user`
--

INSERT INTO `user` (`id`, `fbid`, `name`, `start_time`, `end_time`) VALUES
(32, '100002052515858', NULL, NULL, NULL),
(33, '100002052515858', NULL, NULL, NULL);

--
-- Constraints for dumped tables
--

--
-- Constraints for table `friend`
--
ALTER TABLE `friend`
  ADD CONSTRAINT `friend_ibfk_1` FOREIGN KEY (`user`) REFERENCES `user` (`id`) ON DELETE CASCADE ON UPDATE CASCADE;

--
-- Constraints for table `post`
--
ALTER TABLE `post`
  ADD CONSTRAINT `post_ibfk_1` FOREIGN KEY (`category`) REFERENCES `category` (`id`) ON DELETE CASCADE ON UPDATE CASCADE,
  ADD CONSTRAINT `post_ibfk_2` FOREIGN KEY (`friend`) REFERENCES `friend` (`id`) ON DELETE CASCADE ON UPDATE CASCADE;

/*!40101 SET CHARACTER_SET_CLIENT=@OLD_CHARACTER_SET_CLIENT */;
/*!40101 SET CHARACTER_SET_RESULTS=@OLD_CHARACTER_SET_RESULTS */;
/*!40101 SET COLLATION_CONNECTION=@OLD_COLLATION_CONNECTION */;
